mode: set
github.com/cuihairu/atlas/internal/admin/service.go:28.2,29.1 1 1
github.com/cuihairu/atlas/internal/admin/service.go:35.2,36.16 2 1
github.com/cuihairu/atlas/internal/admin/service.go:37.3,38.1 1 1
github.com/cuihairu/atlas/internal/admin/service.go:40.2,40.20 1 1
github.com/cuihairu/atlas/internal/admin/service.go:41.73,41.73 0 1
github.com/cuihairu/atlas/internal/admin/service.go:44.3,44.95 1 1
github.com/cuihairu/atlas/internal/admin/service.go:47.2,47.75 1 1
github.com/cuihairu/atlas/internal/admin/service.go:54.2,55.16 2 1
github.com/cuihairu/atlas/internal/admin/service.go:56.3,57.1 1 1
github.com/cuihairu/atlas/internal/admin/service.go:59.2,59.20 1 1
github.com/cuihairu/atlas/internal/admin/service.go:60.69,60.69 0 1
github.com/cuihairu/atlas/internal/admin/service.go:63.3,63.89 1 1
github.com/cuihairu/atlas/internal/admin/service.go:66.2,66.72 1 1
github.com/cuihairu/atlas/internal/admin/service.go:71.2,72.16 2 1
github.com/cuihairu/atlas/internal/admin/service.go:73.3,74.1 1 1
github.com/cuihairu/atlas/internal/admin/service.go:76.2,76.20 1 1
github.com/cuihairu/atlas/internal/admin/service.go:77.53,77.53 0 1
github.com/cuihairu/atlas/internal/admin/service.go:80.3,80.86 1 1
github.com/cuihairu/atlas/internal/admin/service.go:83.2,83.70 1 1
github.com/cuihairu/atlas/internal/admin/service.go:89.2,89.60 1 1
github.com/cuihairu/atlas/internal/admin/service.go:90.3,91.1 1 1
github.com/cuihairu/atlas/internal/admin/service.go:93.2,93.88 1 1
github.com/cuihairu/atlas/internal/admin/service.go:94.3,95.1 1 0
github.com/cuihairu/atlas/internal/admin/service.go:98.2,99.1 2 1
github.com/cuihairu/atlas/internal/admin/service.go:100.2,100.12 2 1
github.com/cuihairu/atlas/internal/admin/service.go:105.2,106.16 2 1
github.com/cuihairu/atlas/internal/admin/service.go:107.3,108.1 1 0
github.com/cuihairu/atlas/internal/admin/service.go:109.2,109.19 1 1
github.com/cuihairu/atlas/internal/admin/service.go:114.2,115.16 2 1
github.com/cuihairu/atlas/internal/admin/service.go:116.3,117.1 1 0
github.com/cuihairu/atlas/internal/admin/service.go:118.2,118.31 1 1
github.com/cuihairu/atlas/internal/admin/service.go:123.2,123.33 1 1
github.com/cuihairu/atlas/internal/admin/service.go:124.3,125.1 1 1
github.com/cuihairu/atlas/internal/admin/service.go:126.2,126.28 1 1
github.com/cuihairu/atlas/internal/admin/service.go:127.3,128.1 1 1
github.com/cuihairu/atlas/internal/admin/service.go:131.2,131.42 1 1
github.com/cuihairu/atlas/internal/admin/service.go:132.3,132.58 1 1
github.com/cuihairu/atlas/internal/admin/service.go:133.4,134.1 1 1
github.com/cuihairu/atlas/internal/admin/service.go:138.2,138.68 1 1
github.com/cuihairu/atlas/internal/admin/service.go:139.3,140.1 1 0
github.com/cuihairu/atlas/internal/admin/service.go:142.2,149.1 3 1
github.com/cuihairu/atlas/internal/admin/service.go:151.2,151.56 3 1
github.com/cuihairu/atlas/internal/admin/service.go:152.3,153.1 1 0
github.com/cuihairu/atlas/internal/admin/service.go:155.2,155.15 1 1
github.com/cuihairu/atlas/internal/admin/service.go:160.2,161.16 2 1
github.com/cuihairu/atlas/internal/admin/service.go:162.3,163.1 1 1
github.com/cuihairu/atlas/internal/admin/service.go:164.2,164.15 1 1
github.com/cuihairu/atlas/internal/admin/service.go:170.2,171.16 2 1
github.com/cuihairu/atlas/internal/admin/service.go:172.3,173.1 1 1
github.com/cuihairu/atlas/internal/admin/service.go:175.2,175.18 1 1
github.com/cuihairu/atlas/internal/admin/service.go:176.79,176.79 0 1
github.com/cuihairu/atlas/internal/admin/service.go:179.3,179.94 1 1
github.com/cuihairu/atlas/internal/admin/service.go:182.2,182.79 1 1
github.com/cuihairu/atlas/internal/admin/service.go:187.2,188.16 2 1
github.com/cuihairu/atlas/internal/admin/service.go:189.3,190.1 1 0
github.com/cuihairu/atlas/internal/admin/service.go:191.2,191.24 1 1
github.com/cuihairu/atlas/internal/admin/service.go:215.2,215.36 1 1
github.com/cuihairu/atlas/internal/admin/service.go:216.3,217.1 1 1
github.com/cuihairu/atlas/internal/admin/service.go:218.2,219.18 2 1
github.com/cuihairu/atlas/internal/admin/service.go:220.3,221.1 1 1
github.com/cuihairu/atlas/internal/admin/service.go:222.2,223.52 2 1
github.com/cuihairu/atlas/internal/admin/service.go:224.3,225.1 1 1
github.com/cuihairu/atlas/internal/admin/service.go:226.2,226.15 1 1
github.com/cuihairu/atlas/internal/admin/service.go:231.2,232.16 2 1
github.com/cuihairu/atlas/internal/admin/service.go:233.3,234.1 1 0
github.com/cuihairu/atlas/internal/admin/service.go:235.2,235.20 1 1
github.com/cuihairu/atlas/internal/admin/service.go:241.2,241.57 1 1
github.com/cuihairu/atlas/internal/admin/service.go:242.3,243.1 1 1
github.com/cuihairu/atlas/internal/admin/service.go:244.2,244.62 1 1
github.com/cuihairu/atlas/internal/admin/service.go:245.3,246.1 1 1
github.com/cuihairu/atlas/internal/admin/service.go:247.2,248.18 2 1
github.com/cuihairu/atlas/internal/admin/service.go:249.3,250.1 1 1
github.com/cuihairu/atlas/internal/admin/service.go:251.2,252.53 2 1
github.com/cuihairu/atlas/internal/admin/service.go:253.3,254.1 1 1
github.com/cuihairu/atlas/internal/admin/service.go:255.2,255.16 1 1
github.com/cuihairu/atlas/internal/admin/service.go:261.2,262.16 2 1
github.com/cuihairu/atlas/internal/admin/service.go:263.3,264.1 1 0
github.com/cuihairu/atlas/internal/admin/service.go:265.2,265.20 1 1
github.com/cuihairu/atlas/internal/admin/service.go:295.2,295.60 1 1
github.com/cuihairu/atlas/internal/admin/service.go:296.3,297.1 1 1
github.com/cuihairu/atlas/internal/admin/service.go:299.2,300.1 3 1
github.com/cuihairu/atlas/internal/admin/service.go:302.2,303.22 3 1
github.com/cuihairu/atlas/internal/admin/service.go:304.3,305.1 1 1
github.com/cuihairu/atlas/internal/admin/service.go:306.2,311.1 2 1
github.com/cuihairu/atlas/internal/admin/service.go:312.2,312.37 2 1
github.com/cuihairu/atlas/internal/admin/service.go:313.3,314.1 1 1
github.com/cuihairu/atlas/internal/admin/service.go:316.2,316.42 1 1
github.com/cuihairu/atlas/internal/admin/service.go:317.3,326.1 2 1
github.com/cuihairu/atlas/internal/admin/service.go:327.3,327.60 2 1
github.com/cuihairu/atlas/internal/admin/service.go:328.4,329.1 1 0
github.com/cuihairu/atlas/internal/admin/service.go:330.3,330.27 1 1
github.com/cuihairu/atlas/internal/admin/service.go:333.2,333.64 1 1
github.com/cuihairu/atlas/internal/admin/service.go:334.3,335.1 1 0
github.com/cuihairu/atlas/internal/admin/service.go:336.2,336.15 1 1
github.com/cuihairu/atlas/internal/admin/service.go:342.2,343.1 1 1
github.com/cuihairu/atlas/internal/admin/service.go:349.2,350.1 1 1
github.com/cuihairu/atlas/internal/admin/service.go:354.2,354.48 1 1
github.com/cuihairu/atlas/internal/admin/service.go:355.3,355.66 1 1
github.com/cuihairu/atlas/internal/admin/service.go:356.4,357.1 1 1
github.com/cuihairu/atlas/internal/admin/service.go:359.2,360.17 2 1
github.com/cuihairu/atlas/internal/admin/service.go:361.3,362.1 1 1
github.com/cuihairu/atlas/internal/admin/service.go:363.2,371.1 2 1
github.com/cuihairu/atlas/internal/admin/service.go:372.2,372.37 2 1
github.com/cuihairu/atlas/internal/admin/service.go:373.3,374.1 1 1
github.com/cuihairu/atlas/internal/admin/service.go:375.2,375.59 1 1
github.com/cuihairu/atlas/internal/admin/service.go:376.3,377.1 1 0
github.com/cuihairu/atlas/internal/admin/service.go:378.2,378.15 1 1
github.com/cuihairu/atlas/internal/admin/service.go:383.2,384.1 1 1
github.com/cuihairu/atlas/internal/admin/service.go:388.2,389.1 1 1
github.com/cuihairu/atlas/internal/admin/service.go:407.2,408.16 2 1
github.com/cuihairu/atlas/internal/admin/service.go:409.3,410.1 1 1
github.com/cuihairu/atlas/internal/admin/service.go:411.2,411.21 1 1
github.com/cuihairu/atlas/internal/admin/service.go:412.3,413.1 1 1
github.com/cuihairu/atlas/internal/admin/service.go:414.2,414.22 1 1
github.com/cuihairu/atlas/internal/admin/service.go:421.2,422.16 2 1
github.com/cuihairu/atlas/internal/admin/service.go:423.3,424.1 1 1
github.com/cuihairu/atlas/internal/admin/service.go:426.2,431.1 4 1
github.com/cuihairu/atlas/internal/admin/service.go:432.2,434.29 4 1
github.com/cuihairu/atlas/internal/admin/service.go:435.3,435.25 1 1
github.com/cuihairu/atlas/internal/admin/service.go:436.4,438.12 3 1
github.com/cuihairu/atlas/internal/admin/service.go:440.3,440.29 1 1
github.com/cuihairu/atlas/internal/admin/service.go:442.2,442.15 1 1
github.com/cuihairu/atlas/internal/admin/service.go:443.3,444.1 1 1
github.com/cuihairu/atlas/internal/admin/service.go:446.2,446.57 1 1
github.com/cuihairu/atlas/internal/admin/service.go:447.3,448.1 1 1
github.com/cuihairu/atlas/internal/admin/service.go:449.2,449.72 1 1
github.com/cuihairu/atlas/internal/admin/service.go:450.3,451.1 1 0
github.com/cuihairu/atlas/internal/admin/service.go:452.2,452.20 1 1
github.com/cuihairu/atlas/internal/admin/service.go:458.2,459.16 2 1
github.com/cuihairu/atlas/internal/admin/service.go:460.3,461.1 1 1
github.com/cuihairu/atlas/internal/admin/service.go:462.2,462.35 1 1
github.com/cuihairu/atlas/internal/admin/service.go:463.3,464.1 1 1
github.com/cuihairu/atlas/internal/admin/service.go:466.2,467.29 2 1
github.com/cuihairu/atlas/internal/admin/service.go:468.3,468.21 1 1
github.com/cuihairu/atlas/internal/admin/service.go:469.4,470.1 1 1
github.com/cuihairu/atlas/internal/admin/service.go:472.2,472.70 1 1
github.com/cuihairu/atlas/internal/admin/service.go:473.3,474.1 1 0
github.com/cuihairu/atlas/internal/admin/service.go:475.2,475.12 1 1
github.com/cuihairu/atlas/internal/config/config.go:222.2,254.1 2 1
github.com/cuihairu/atlas/internal/config/config.go:256.2,256.52 2 1
github.com/cuihairu/atlas/internal/config/config.go:257.3,257.50 1 0
github.com/cuihairu/atlas/internal/config/config.go:258.4,259.1 1 0
github.com/cuihairu/atlas/internal/config/config.go:261.2,261.52 1 1
github.com/cuihairu/atlas/internal/config/config.go:262.3,262.50 1 0
github.com/cuihairu/atlas/internal/config/config.go:263.4,264.1 1 0
github.com/cuihairu/atlas/internal/config/config.go:266.2,266.54 1 1
github.com/cuihairu/atlas/internal/config/config.go:267.3,267.50 1 0
github.com/cuihairu/atlas/internal/config/config.go:268.4,269.1 1 0
github.com/cuihairu/atlas/internal/config/config.go:271.2,271.58 1 1
github.com/cuihairu/atlas/internal/config/config.go:272.3,272.54 1 0
github.com/cuihairu/atlas/internal/config/config.go:273.4,274.1 1 0
github.com/cuihairu/atlas/internal/config/config.go:276.2,276.58 1 1
github.com/cuihairu/atlas/internal/config/config.go:277.3,277.54 1 0
github.com/cuihairu/atlas/internal/config/config.go:278.4,279.1 1 0
github.com/cuihairu/atlas/internal/config/config.go:281.2,281.50 1 1
github.com/cuihairu/atlas/internal/config/config.go:282.3,282.53 1 0
github.com/cuihairu/atlas/internal/config/config.go:283.4,284.1 1 0
github.com/cuihairu/atlas/internal/config/config.go:286.2,289.54 4 1
github.com/cuihairu/atlas/internal/config/config.go:290.3,290.53 1 1
github.com/cuihairu/atlas/internal/config/config.go:291.4,292.1 1 1
github.com/cuihairu/atlas/internal/config/config.go:294.2,294.56 1 1
github.com/cuihairu/atlas/internal/config/config.go:295.3,295.53 1 1
github.com/cuihairu/atlas/internal/config/config.go:296.4,297.1 1 1
github.com/cuihairu/atlas/internal/config/config.go:299.2,299.56 1 1
github.com/cuihairu/atlas/internal/config/config.go:300.3,300.54 1 1
github.com/cuihairu/atlas/internal/config/config.go:301.4,302.1 1 1
github.com/cuihairu/atlas/internal/config/config.go:304.2,304.64 1 1
github.com/cuihairu/atlas/internal/config/config.go:305.3,305.50 1 1
github.com/cuihairu/atlas/internal/config/config.go:306.4,307.1 1 1
github.com/cuihairu/atlas/internal/config/config.go:309.2,309.65 1 1
github.com/cuihairu/atlas/internal/config/config.go:310.3,310.50 1 1
github.com/cuihairu/atlas/internal/config/config.go:311.4,312.1 1 1
github.com/cuihairu/atlas/internal/config/config.go:314.2,314.66 1 1
github.com/cuihairu/atlas/internal/config/config.go:315.3,315.50 1 1
github.com/cuihairu/atlas/internal/config/config.go:316.4,317.1 1 1
github.com/cuihairu/atlas/internal/config/config.go:320.2,322.1 3 1
github.com/cuihairu/atlas/internal/config/config.go:323.2,323.12 3 1
github.com/cuihairu/atlas/internal/config/config.go:327.2,327.34 1 1
github.com/cuihairu/atlas/internal/config/config.go:328.3,329.1 1 1
github.com/cuihairu/atlas/internal/config/config.go:330.2,330.17 1 1
github.com/cuihairu/atlas/internal/directory/directory.go:22.2,23.1 1 1
github.com/cuihairu/atlas/internal/directory/directory.go:27.2,27.20 1 1
github.com/cuihairu/atlas/internal/directory/directory.go:28.3,29.1 1 1
github.com/cuihairu/atlas/internal/directory/directory.go:30.2,30.20 1 1
github.com/cuihairu/atlas/internal/directory/directory.go:31.3,32.1 1 1
github.com/cuihairu/atlas/internal/directory/directory.go:33.2,33.22 1 1
github.com/cuihairu/atlas/internal/directory/directory.go:34.3,35.1 1 0
github.com/cuihairu/atlas/internal/directory/directory.go:37.2,46.1 3 1
github.com/cuihairu/atlas/internal/directory/directory.go:48.2,48.62 3 1
github.com/cuihairu/atlas/internal/directory/directory.go:49.3,50.1 1 0
github.com/cuihairu/atlas/internal/directory/directory.go:51.2,51.16 1 1
github.com/cuihairu/atlas/internal/directory/directory.go:56.2,56.99 1 1
github.com/cuihairu/atlas/internal/directory/directory.go:57.3,58.1 1 0
github.com/cuihairu/atlas/internal/directory/directory.go:59.2,59.73 1 1
github.com/cuihairu/atlas/internal/directory/directory.go:64.2,64.92 1 1
github.com/cuihairu/atlas/internal/directory/directory.go:65.3,66.1 1 0
github.com/cuihairu/atlas/internal/directory/directory.go:67.2,67.12 1 1
github.com/cuihairu/atlas/internal/directory/directory.go:72.2,73.16 2 1
github.com/cuihairu/atlas/internal/directory/directory.go:74.3,75.1 1 1
github.com/cuihairu/atlas/internal/directory/directory.go:76.2,76.16 1 1
github.com/cuihairu/atlas/internal/directory/directory.go:81.2,82.16 2 1
github.com/cuihairu/atlas/internal/directory/directory.go:83.3,84.1 1 1
github.com/cuihairu/atlas/internal/directory/directory.go:85.2,85.16 1 1
github.com/cuihairu/atlas/internal/directory/directory.go:90.2,91.16 2 1
github.com/cuihairu/atlas/internal/directory/directory.go:92.3,93.1 1 0
github.com/cuihairu/atlas/internal/directory/directory.go:94.2,94.19 1 1
github.com/cuihairu/atlas/internal/directory/directory.go:100.2,101.16 2 1
github.com/cuihairu/atlas/internal/directory/directory.go:102.3,103.1 1 0
github.com/cuihairu/atlas/internal/directory/directory.go:106.2,107.20 2 1
github.com/cuihairu/atlas/internal/directory/directory.go:108.3,109.1 1 1
github.com/cuihairu/atlas/internal/directory/directory.go:111.2,111.31 1 1
github.com/cuihairu/atlas/internal/directory/events.go:20.2,20.14 1 1
github.com/cuihairu/atlas/internal/directory/events.go:21.3,22.1 1 0
github.com/cuihairu/atlas/internal/directory/events.go:24.2,24.16 1 1
github.com/cuihairu/atlas/internal/directory/events.go:26.3,26.32 1 1
github.com/cuihairu/atlas/internal/directory/events.go:28.3,28.32 1 1
github.com/cuihairu/atlas/internal/directory/events.go:30.3,30.37 1 1
github.com/cuihairu/atlas/internal/directory/events.go:32.3,32.30 1 1
github.com/cuihairu/atlas/internal/directory/events.go:34.3,34.30 1 1
github.com/cuihairu/atlas/internal/directory/events.go:36.3,36.80 1 1
github.com/cuihairu/atlas/internal/directory/events.go:43.2,43.22 1 1
github.com/cuihairu/atlas/internal/directory/events.go:44.3,45.1 1 1
github.com/cuihairu/atlas/internal/directory/events.go:46.2,46.22 1 1
github.com/cuihairu/atlas/internal/directory/events.go:47.3,48.1 1 1
github.com/cuihairu/atlas/internal/directory/events.go:49.2,49.24 1 1
github.com/cuihairu/atlas/internal/directory/events.go:50.3,51.1 1 1
github.com/cuihairu/atlas/internal/directory/events.go:53.2,64.1 3 1
github.com/cuihairu/atlas/internal/directory/events.go:65.2,65.27 3 1
github.com/cuihairu/atlas/internal/directory/events.go:66.3,67.1 1 1
github.com/cuihairu/atlas/internal/directory/events.go:69.2,69.62 1 1
github.com/cuihairu/atlas/internal/directory/events.go:70.3,71.1 1 0
github.com/cuihairu/atlas/internal/directory/events.go:72.2,72.16 1 1
github.com/cuihairu/atlas/internal/directory/events.go:78.2,78.24 1 1
github.com/cuihairu/atlas/internal/directory/events.go:79.3,80.1 1 0
github.com/cuihairu/atlas/internal/directory/events.go:82.2,83.38 2 1
github.com/cuihairu/atlas/internal/directory/events.go:84.3,85.17 2 1
github.com/cuihairu/atlas/internal/directory/events.go:86.4,87.1 1 1
github.com/cuihairu/atlas/internal/directory/events.go:88.3,88.62 1 1
github.com/cuihairu/atlas/internal/directory/events.go:91.2,96.1 2 1
github.com/cuihairu/atlas/internal/directory/events.go:97.2,97.18 2 1
github.com/cuihairu/atlas/internal/directory/events.go:98.3,99.1 1 1
github.com/cuihairu/atlas/internal/directory/events.go:100.2,100.101 1 1
github.com/cuihairu/atlas/internal/directory/events.go:101.3,102.1 1 0
github.com/cuihairu/atlas/internal/directory/events.go:103.2,103.75 1 1
github.com/cuihairu/atlas/internal/directory/events.go:109.2,109.24 1 1
github.com/cuihairu/atlas/internal/directory/events.go:110.3,111.1 1 0
github.com/cuihairu/atlas/internal/directory/events.go:113.2,114.38 2 1
github.com/cuihairu/atlas/internal/directory/events.go:115.3,116.17 2 1
github.com/cuihairu/atlas/internal/directory/events.go:117.4,118.1 1 0
github.com/cuihairu/atlas/internal/directory/events.go:119.3,119.62 1 1
github.com/cuihairu/atlas/internal/directory/events.go:122.2,122.94 1 1
github.com/cuihairu/atlas/internal/directory/events.go:123.3,124.1 1 0
github.com/cuihairu/atlas/internal/directory/events.go:125.2,125.12 1 1
github.com/cuihairu/atlas/internal/directory/events.go:130.2,130.24 1 1
github.com/cuihairu/atlas/internal/directory/events.go:131.3,132.1 1 0
github.com/cuihairu/atlas/internal/directory/events.go:134.2,135.38 2 1
github.com/cuihairu/atlas/internal/directory/events.go:136.3,137.17 2 1
github.com/cuihairu/atlas/internal/directory/events.go:138.4,139.1 1 1
github.com/cuihairu/atlas/internal/directory/events.go:140.3,140.62 1 1
github.com/cuihairu/atlas/internal/directory/events.go:143.2,144.27 2 1
github.com/cuihairu/atlas/internal/directory/events.go:145.3,146.1 1 0
github.com/cuihairu/atlas/internal/directory/events.go:147.2,148.101 2 1
github.com/cuihairu/atlas/internal/directory/events.go:149.3,150.1 1 0
github.com/cuihairu/atlas/internal/directory/events.go:151.2,151.75 1 1
github.com/cuihairu/atlas/internal/directory/events.go:158.2,158.24 1 1
github.com/cuihairu/atlas/internal/directory/events.go:159.3,160.1 1 0
github.com/cuihairu/atlas/internal/directory/events.go:161.2,161.28 1 1
github.com/cuihairu/atlas/internal/directory/events.go:162.3,163.1 1 1
github.com/cuihairu/atlas/internal/directory/events.go:165.2,166.41 2 1
github.com/cuihairu/atlas/internal/directory/events.go:167.3,168.1 1 0
github.com/cuihairu/atlas/internal/directory/events.go:169.2,169.16 1 1
github.com/cuihairu/atlas/internal/directory/events.go:170.3,172.17 3 1
github.com/cuihairu/atlas/internal/directory/events.go:173.4,174.1 1 0
github.com/cuihairu/atlas/internal/directory/events.go:177.2,187.1 2 1
github.com/cuihairu/atlas/internal/directory/events.go:188.2,188.63 2 1
github.com/cuihairu/atlas/internal/directory/events.go:189.3,190.1 1 0
github.com/cuihairu/atlas/internal/directory/events.go:191.2,191.104 1 1
github.com/cuihairu/atlas/internal/directory/events.go:192.3,193.1 1 0
github.com/cuihairu/atlas/internal/directory/events.go:194.2,194.17 1 1
github.com/cuihairu/atlas/internal/directory/events.go:198.2,198.14 1 1
github.com/cuihairu/atlas/internal/directory/events.go:199.3,200.1 1 1
github.com/cuihairu/atlas/internal/directory/events.go:201.2,201.11 1 1
github.com/cuihairu/atlas/internal/directory/events.go:205.2,205.14 1 1
github.com/cuihairu/atlas/internal/directory/events.go:206.3,207.1 1 1
github.com/cuihairu/atlas/internal/directory/events.go:208.2,208.11 1 0
github.com/cuihairu/atlas/internal/directory/events.go:212.2,212.14 1 1
github.com/cuihairu/atlas/internal/directory/events.go:213.3,214.1 1 1
github.com/cuihairu/atlas/internal/directory/events.go:215.2,215.11 1 0
github.com/cuihairu/atlas/internal/discovery/discovery.go:23.2,26.1 1 1
github.com/cuihairu/atlas/internal/discovery/discovery.go:31.2,33.1 2 1
github.com/cuihairu/atlas/internal/discovery/discovery.go:40.2,41.1 3 1
github.com/cuihairu/atlas/internal/discovery/discovery.go:42.2,43.16 3 1
github.com/cuihairu/atlas/internal/discovery/discovery.go:44.3,45.1 1 0
github.com/cuihairu/atlas/internal/discovery/discovery.go:49.2,49.20 1 1
github.com/cuihairu/atlas/internal/discovery/discovery.go:50.3,51.31 2 1
github.com/cuihairu/atlas/internal/discovery/discovery.go:52.4,52.28 1 1
github.com/cuihairu/atlas/internal/discovery/discovery.go:53.5,54.1 1 1
github.com/cuihairu/atlas/internal/discovery/discovery.go:56.3,56.21 1 1
github.com/cuihairu/atlas/internal/discovery/discovery.go:60.2,60.30 1 1
github.com/cuihairu/atlas/internal/discovery/discovery.go:61.3,62.17 2 1
github.com/cuihairu/atlas/internal/discovery/discovery.go:64.4,64.12 1 1
github.com/cuihairu/atlas/internal/discovery/discovery.go:66.3,68.34 3 1
github.com/cuihairu/atlas/internal/discovery/discovery.go:74.2,74.30 1 1
github.com/cuihairu/atlas/internal/discovery/discovery.go:75.3,76.1 1 1
github.com/cuihairu/atlas/internal/discovery/discovery.go:78.2,78.21 1 1
github.com/cuihairu/atlas/internal/discovery/discovery.go:83.2,84.16 2 1
github.com/cuihairu/atlas/internal/discovery/discovery.go:85.3,86.1 1 1
github.com/cuihairu/atlas/internal/discovery/discovery.go:88.2,89.16 2 1
github.com/cuihairu/atlas/internal/discovery/discovery.go:90.3,93.1 3 1
github.com/cuihairu/atlas/internal/discovery/discovery.go:95.2,96.17 2 1
github.com/cuihairu/atlas/internal/event/adapter.go:78.2,78.11 1 1
github.com/cuihairu/atlas/internal/event/adapter.go:81.3,81.30 1 1
github.com/cuihairu/atlas/internal/event/adapter.go:83.3,83.53 1 1
github.com/cuihairu/atlas/internal/event/http/adapter.go:25.2,26.1 1 1
github.com/cuihairu/atlas/internal/event/http/adapter.go:29.35,29.50 1 1
github.com/cuihairu/atlas/internal/event/http/adapter.go:32.40,32.53 1 1
github.com/cuihairu/atlas/internal/event/http/adapter.go:38.2,39.16 2 1
github.com/cuihairu/atlas/internal/event/http/adapter.go:40.3,41.1 1 0
github.com/cuihairu/atlas/internal/event/http/adapter.go:42.2,43.14 2 1
github.com/cuihairu/atlas/internal/event/http/adapter.go:44.3,45.1 1 1
github.com/cuihairu/atlas/internal/event/http/adapter.go:46.2,46.18 1 1
github.com/cuihairu/atlas/internal/event/http/adapter.go:52.2,56.1 4 1
github.com/cuihairu/atlas/internal/event/http/adapter.go:60.66,60.78 1 1
github.com/cuihairu/atlas/internal/event/http/adapter.go:63.35,63.47 1 1
github.com/cuihairu/atlas/internal/event/http/adapter.go:66.2,69.1 3 1
github.com/cuihairu/atlas/internal/event/kafka/adapter.go:76.2,77.23 2 1
github.com/cuihairu/atlas/internal/event/kafka/adapter.go:78.3,79.1 1 0
github.com/cuihairu/atlas/internal/event/kafka/adapter.go:80.2,85.1 3 1
github.com/cuihairu/atlas/internal/event/kafka/adapter.go:86.2,95.29 3 1
github.com/cuihairu/atlas/internal/event/kafka/adapter.go:101.2,107.1 1 1
github.com/cuihairu/atlas/internal/event/kafka/adapter.go:111.2,111.22 1 1
github.com/cuihairu/atlas/internal/event/kafka/adapter.go:112.3,113.1 1 0
github.com/cuihairu/atlas/internal/event/kafka/adapter.go:114.2,114.21 1 1
github.com/cuihairu/atlas/internal/event/kafka/adapter.go:118.2,118.20 1 1
github.com/cuihairu/atlas/internal/event/kafka/adapter.go:119.3,120.1 1 1
github.com/cuihairu/atlas/internal/event/kafka/adapter.go:121.2,121.21 1 1
github.com/cuihairu/atlas/internal/event/kafka/adapter.go:125.2,125.24 1 1
github.com/cuihairu/atlas/internal/event/kafka/adapter.go:126.3,127.1 1 0
github.com/cuihairu/atlas/internal/event/kafka/adapter.go:128.2,128.23 1 1
github.com/cuihairu/atlas/internal/event/kafka/adapter.go:132.35,132.51 1 1
github.com/cuihairu/atlas/internal/event/kafka/adapter.go:135.40,135.54 1 1
github.com/cuihairu/atlas/internal/event/kafka/adapter.go:140.2,141.16 2 1
github.com/cuihairu/atlas/internal/event/kafka/adapter.go:142.3,143.1 1 1
github.com/cuihairu/atlas/internal/event/kafka/adapter.go:144.2,145.16 2 1
github.com/cuihairu/atlas/internal/event/kafka/adapter.go:146.3,147.1 1 0
github.com/cuihairu/atlas/internal/event/kafka/adapter.go:148.2,149.57 2 1
github.com/cuihairu/atlas/internal/event/kafka/adapter.go:150.3,151.1 1 0
github.com/cuihairu/atlas/internal/event/kafka/adapter.go:152.2,153.12 2 1
github.com/cuihairu/atlas/internal/event/kafka/adapter.go:159.2,166.1 7 1
github.com/cuihairu/atlas/internal/event/kafka/adapter.go:170.68,170.80 1 1
github.com/cuihairu/atlas/internal/event/kafka/adapter.go:174.2,178.33 5 1
github.com/cuihairu/atlas/internal/event/kafka/adapter.go:179.3,180.1 1 1
github.com/cuihairu/atlas/internal/event/kafka/adapter.go:181.2,184.32 4 1
github.com/cuihairu/atlas/internal/event/kafka/adapter.go:188.2,189.23 2 1
github.com/cuihairu/atlas/internal/event/kafka/adapter.go:190.3,191.10 2 1
github.com/cuihairu/atlas/internal/event/kafka/adapter.go:193.4,193.25 1 1
github.com/cuihairu/atlas/internal/event/kafka/adapter.go:195.4,195.10 1 1
github.com/cuihairu/atlas/internal/event/kafka/adapter.go:197.4,197.24 1 0
github.com/cuihairu/atlas/internal/event/kafka/adapter.go:198.5,199.1 1 0
github.com/cuihairu/atlas/internal/event/kafka/adapter.go:200.4,201.23 2 0
github.com/cuihairu/atlas/internal/event/kafka/adapter.go:207.2,208.54 2 1
github.com/cuihairu/atlas/internal/event/kafka/adapter.go:210.3,214.1 3 1
github.com/cuihairu/atlas/internal/event/kafka/adapter.go:215.2,216.1 2 1
github.com/cuihairu/atlas/internal/event/kafka/adapter.go:217.2,217.35 2 1
github.com/cuihairu/atlas/internal/event/kafka/adapter.go:218.3,222.1 2 1
github.com/cuihairu/atlas/internal/event/kafka/adapter.go:223.2,223.20 1 1
github.com/cuihairu/atlas/internal/event/kafka/adapter.go:227.2,227.78 1 1
github.com/cuihairu/atlas/internal/event/kafka/adapter.go:228.3,229.1 1 0
github.com/cuihairu/atlas/internal/event/nats/adapter.go:67.2,68.15 2 1
github.com/cuihairu/atlas/internal/event/nats/adapter.go:69.3,70.1 1 0
github.com/cuihairu/atlas/internal/event/nats/adapter.go:71.2,72.16 2 1
github.com/cuihairu/atlas/internal/event/nats/adapter.go:73.3,74.1 1 1
github.com/cuihairu/atlas/internal/event/nats/adapter.go:75.2,76.16 2 1
github.com/cuihairu/atlas/internal/event/nats/adapter.go:77.3,79.1 2 0
github.com/cuihairu/atlas/internal/event/nats/adapter.go:80.2,82.79 3 1
github.com/cuihairu/atlas/internal/event/nats/adapter.go:83.3,87.18 1 1
github.com/cuihairu/atlas/internal/event/nats/adapter.go:88.4,90.1 2 0
github.com/cuihairu/atlas/internal/event/nats/adapter.go:91.9,91.23 1 0
github.com/cuihairu/atlas/internal/event/nats/adapter.go:92.3,94.1 2 0
github.com/cuihairu/atlas/internal/event/nats/adapter.go:95.2,95.15 1 1
github.com/cuihairu/atlas/internal/event/nats/adapter.go:101.2,108.1 2 1
github.com/cuihairu/atlas/internal/event/nats/adapter.go:109.2,109.20 2 1
github.com/cuihairu/atlas/internal/event/nats/adapter.go:110.3,111.1 1 1
github.com/cuihairu/atlas/internal/event/nats/adapter.go:112.2,112.21 1 1
github.com/cuihairu/atlas/internal/event/nats/adapter.go:113.3,114.1 1 1
github.com/cuihairu/atlas/internal/event/nats/adapter.go:115.2,115.18 1 1
github.com/cuihairu/atlas/internal/event/nats/adapter.go:116.3,117.1 1 1
github.com/cuihairu/atlas/internal/event/nats/adapter.go:118.2,118.21 1 1
github.com/cuihairu/atlas/internal/event/nats/adapter.go:119.3,120.1 1 1
github.com/cuihairu/atlas/internal/event/nats/adapter.go:121.2,121.10 1 1
github.com/cuihairu/atlas/internal/event/nats/adapter.go:125.35,125.50 1 1
github.com/cuihairu/atlas/internal/event/nats/adapter.go:128.40,128.54 1 1
github.com/cuihairu/atlas/internal/event/nats/adapter.go:133.2,134.16 2 1
github.com/cuihairu/atlas/internal/event/nats/adapter.go:135.3,136.1 1 0
github.com/cuihairu/atlas/internal/event/nats/adapter.go:137.2,138.16 2 1
github.com/cuihairu/atlas/internal/event/nats/adapter.go:139.3,140.1 1 0
github.com/cuihairu/atlas/internal/event/nats/adapter.go:141.2,142.16 2 1
github.com/cuihairu/atlas/internal/event/nats/adapter.go:143.3,144.1 1 0
github.com/cuihairu/atlas/internal/event/nats/adapter.go:145.2,146.12 2 1
github.com/cuihairu/atlas/internal/event/nats/adapter.go:152.2,153.16 2 1
github.com/cuihairu/atlas/internal/event/nats/adapter.go:154.3,155.1 1 0
github.com/cuihairu/atlas/internal/event/nats/adapter.go:157.2,163.12 7 1
github.com/cuihairu/atlas/internal/event/nats/adapter.go:168.68,168.80 1 1
github.com/cuihairu/atlas/internal/event/nats/adapter.go:172.2,176.33 5 1
github.com/cuihairu/atlas/internal/event/nats/adapter.go:177.3,178.1 1 1
github.com/cuihairu/atlas/internal/event/nats/adapter.go:179.2,180.12 2 1
github.com/cuihairu/atlas/internal/event/nats/adapter.go:181.3,182.1 1 1
github.com/cuihairu/atlas/internal/event/nats/adapter.go:183.2,183.12 1 1
github.com/cuihairu/atlas/internal/event/nats/adapter.go:187.2,188.23 2 1
github.com/cuihairu/atlas/internal/event/nats/adapter.go:189.3,190.10 2 1
github.com/cuihairu/atlas/internal/event/nats/adapter.go:192.4,192.29 1 1
github.com/cuihairu/atlas/internal/event/nats/adapter.go:193.5,194.1 1 1
github.com/cuihairu/atlas/internal/event/nats/adapter.go:196.4,196.12 1 1
github.com/cuihairu/atlas/internal/event/nats/adapter.go:198.4,198.24 1 0
github.com/cuihairu/atlas/internal/event/nats/adapter.go:199.5,200.1 1 0
github.com/cuihairu/atlas/internal/event/nats/adapter.go:201.4,202.23 2 0
github.com/cuihairu/atlas/internal/event/nats/adapter.go:209.2,210.45 2 1
github.com/cuihairu/atlas/internal/event/nats/adapter.go:211.3,212.1 1 1
github.com/cuihairu/atlas/internal/event/nats/adapter.go:214.2,215.53 2 1
github.com/cuihairu/atlas/internal/event/nats/adapter.go:217.3,221.1 3 1
github.com/cuihairu/atlas/internal/event/nats/adapter.go:222.2,223.1 2 1
github.com/cuihairu/atlas/internal/event/nats/adapter.go:224.2,224.35 2 1
github.com/cuihairu/atlas/internal/event/nats/adapter.go:225.3,229.1 2 1
github.com/cuihairu/atlas/internal/event/nats/adapter.go:230.2,230.34 1 1
github.com/cuihairu/atlas/internal/event/nats/adapter.go:231.3,232.1 1 0
github.com/cuihairu/atlas/internal/event/rabbitmq/adapter.go:82.2,83.15 2 1
github.com/cuihairu/atlas/internal/event/rabbitmq/adapter.go:84.3,85.1 1 0
github.com/cuihairu/atlas/internal/event/rabbitmq/adapter.go:86.2,87.16 2 1
github.com/cuihairu/atlas/internal/event/rabbitmq/adapter.go:88.3,89.1 1 1
github.com/cuihairu/atlas/internal/event/rabbitmq/adapter.go:90.2,91.16 2 0
github.com/cuihairu/atlas/internal/event/rabbitmq/adapter.go:92.3,94.1 2 0
github.com/cuihairu/atlas/internal/event/rabbitmq/adapter.go:95.2,97.96 3 0
github.com/cuihairu/atlas/internal/event/rabbitmq/adapter.go:98.3,100.1 2 0
github.com/cuihairu/atlas/internal/event/rabbitmq/adapter.go:101.2,101.15 1 0
github.com/cuihairu/atlas/internal/event/rabbitmq/adapter.go:107.2,113.1 2 1
github.com/cuihairu/atlas/internal/event/rabbitmq/adapter.go:114.2,114.22 2 1
github.com/cuihairu/atlas/internal/event/rabbitmq/adapter.go:115.3,116.1 1 1
github.com/cuihairu/atlas/internal/event/rabbitmq/adapter.go:117.2,117.22 1 1
github.com/cuihairu/atlas/internal/event/rabbitmq/adapter.go:118.3,120.1 2 1
github.com/cuihairu/atlas/internal/event/rabbitmq/adapter.go:121.2,121.16 1 1
github.com/cuihairu/atlas/internal/event/rabbitmq/adapter.go:122.3,123.1 1 1
github.com/cuihairu/atlas/internal/event/rabbitmq/adapter.go:124.2,124.21 1 1
github.com/cuihairu/atlas/internal/event/rabbitmq/adapter.go:125.3,126.1 1 1
github.com/cuihairu/atlas/internal/event/rabbitmq/adapter.go:127.2,127.10 1 1
github.com/cuihairu/atlas/internal/event/rabbitmq/adapter.go:131.35,131.54 1 1
github.com/cuihairu/atlas/internal/event/rabbitmq/adapter.go:134.40,134.54 1 1
github.com/cuihairu/atlas/internal/event/rabbitmq/adapter.go:139.2,140.16 2 1
github.com/cuihairu/atlas/internal/event/rabbitmq/adapter.go:141.3,142.1 1 1
github.com/cuihairu/atlas/internal/event/rabbitmq/adapter.go:143.2,144.16 2 1
github.com/cuihairu/atlas/internal/event/rabbitmq/adapter.go:145.3,146.1 1 0
github.com/cuihairu/atlas/internal/event/rabbitmq/adapter.go:147.2,156.16 3 1
github.com/cuihairu/atlas/internal/event/rabbitmq/adapter.go:157.3,158.1 1 0
github.com/cuihairu/atlas/internal/event/rabbitmq/adapter.go:159.2,160.12 2 1
github.com/cuihairu/atlas/internal/event/rabbitmq/adapter.go:166.2,166.84 1 1
github.com/cuihairu/atlas/internal/event/rabbitmq/adapter.go:167.3,168.1 1 0
github.com/cuihairu/atlas/internal/event/rabbitmq/adapter.go:169.2,169.77 1 1
github.com/cuihairu/atlas/internal/event/rabbitmq/adapter.go:170.3,171.1 1 0
github.com/cuihairu/atlas/internal/event/rabbitmq/adapter.go:172.2,172.50 1 1
github.com/cuihairu/atlas/internal/event/rabbitmq/adapter.go:173.3,174.1 1 0
github.com/cuihairu/atlas/internal/event/rabbitmq/adapter.go:175.2,176.16 2 1
github.com/cuihairu/atlas/internal/event/rabbitmq/adapter.go:177.3,178.1 1 0
github.com/cuihairu/atlas/internal/event/rabbitmq/adapter.go:180.2,186.12 7 1
github.com/cuihairu/atlas/internal/event/rabbitmq/adapter.go:191.68,191.80 1 1
github.com/cuihairu/atlas/internal/event/rabbitmq/adapter.go:195.2,199.33 5 1
github.com/cuihairu/atlas/internal/event/rabbitmq/adapter.go:200.3,201.1 1 1
github.com/cuihairu/atlas/internal/event/rabbitmq/adapter.go:202.2,203.21 2 1
github.com/cuihairu/atlas/internal/event/rabbitmq/adapter.go:207.2,208.6 2 1
github.com/cuihairu/atlas/internal/event/rabbitmq/adapter.go:209.3,209.10 1 1
github.com/cuihairu/atlas/internal/event/rabbitmq/adapter.go:211.4,211.10 1 1
github.com/cuihairu/atlas/internal/event/rabbitmq/adapter.go:213.4,213.11 1 1
github.com/cuihairu/atlas/internal/event/rabbitmq/adapter.go:214.5,215.1 1 0
github.com/cuihairu/atlas/internal/event/rabbitmq/adapter.go:216.4,216.25 1 1
github.com/cuihairu/atlas/internal/event/rabbitmq/adapter.go:222.2,223.53 2 1
github.com/cuihairu/atlas/internal/event/rabbitmq/adapter.go:225.3,229.1 3 1
github.com/cuihairu/atlas/internal/event/rabbitmq/adapter.go:230.2,231.1 2 1
github.com/cuihairu/atlas/internal/event/rabbitmq/adapter.go:232.2,232.35 2 1
github.com/cuihairu/atlas/internal/event/rabbitmq/adapter.go:233.3,238.1 3 1
github.com/cuihairu/atlas/internal/event/rabbitmq/adapter.go:239.2,239.57 1 1
github.com/cuihairu/atlas/internal/event/rabbitmq/adapter.go:240.3,241.1 1 0
github.com/cuihairu/atlas/internal/event/rabbitmq/adapter.go:246.2,247.43 2 1
github.com/cuihairu/atlas/internal/event/rabbitmq/adapter.go:248.3,249.1 1 0
github.com/cuihairu/atlas/internal/event/rabbitmq/adapter.go:250.2,250.33 1 1
github.com/cuihairu/atlas/internal/event/redis/adapter.go:67.2,73.1 2 1
github.com/cuihairu/atlas/internal/event/redis/adapter.go:74.2,74.19 2 1
github.com/cuihairu/atlas/internal/event/redis/adapter.go:75.3,76.1 1 1
github.com/cuihairu/atlas/internal/event/redis/adapter.go:77.2,77.22 1 1
github.com/cuihairu/atlas/internal/event/redis/adapter.go:78.3,80.1 2 1
github.com/cuihairu/atlas/internal/event/redis/adapter.go:81.2,81.18 1 1
github.com/cuihairu/atlas/internal/event/redis/adapter.go:82.3,83.1 1 1
github.com/cuihairu/atlas/internal/event/redis/adapter.go:84.2,84.21 1 1
github.com/cuihairu/atlas/internal/event/redis/adapter.go:85.3,86.1 1 0
github.com/cuihairu/atlas/internal/event/redis/adapter.go:87.2,87.10 1 1
github.com/cuihairu/atlas/internal/event/redis/adapter.go:91.35,91.51 1 0
github.com/cuihairu/atlas/internal/event/redis/adapter.go:94.40,94.54 1 0
github.com/cuihairu/atlas/internal/event/redis/adapter.go:98.2,99.16 2 1
github.com/cuihairu/atlas/internal/event/redis/adapter.go:100.3,101.1 1 1
github.com/cuihairu/atlas/internal/event/redis/adapter.go:102.2,103.16 2 1
github.com/cuihairu/atlas/internal/event/redis/adapter.go:104.3,105.1 1 0
github.com/cuihairu/atlas/internal/event/redis/adapter.go:106.2,110.16 2 1
github.com/cuihairu/atlas/internal/event/redis/adapter.go:111.3,112.1 1 0
github.com/cuihairu/atlas/internal/event/redis/adapter.go:113.2,114.12 2 1
github.com/cuihairu/atlas/internal/event/redis/adapter.go:120.2,121.63 2 1
github.com/cuihairu/atlas/internal/event/redis/adapter.go:122.3,123.1 1 0
github.com/cuihairu/atlas/internal/event/redis/adapter.go:125.2,131.12 7 1
github.com/cuihairu/atlas/internal/event/redis/adapter.go:136.2,137.16 2 1
github.com/cuihairu/atlas/internal/event/redis/adapter.go:138.3,139.1 1 0
github.com/cuihairu/atlas/internal/event/redis/adapter.go:140.2,140.55 1 1
github.com/cuihairu/atlas/internal/event/redis/adapter.go:145.2,149.33 5 1
github.com/cuihairu/atlas/internal/event/redis/adapter.go:150.3,151.1 1 1
github.com/cuihairu/atlas/internal/event/redis/adapter.go:152.2,153.12 2 1
github.com/cuihairu/atlas/internal/event/redis/adapter.go:157.2,158.6 2 1
github.com/cuihairu/atlas/internal/event/redis/adapter.go:159.3,159.23 1 1
github.com/cuihairu/atlas/internal/event/redis/adapter.go:160.4,161.1 1 1
github.com/cuihairu/atlas/internal/event/redis/adapter.go:162.3,169.10 2 1
github.com/cuihairu/atlas/internal/event/redis/adapter.go:171.4,171.31 1 1
github.com/cuihairu/atlas/internal/event/redis/adapter.go:172.5,172.41 1 1
github.com/cuihairu/atlas/internal/event/redis/adapter.go:173.6,174.1 1 1
github.com/cuihairu/atlas/internal/event/redis/adapter.go:178.4,179.12 2 1
github.com/cuihairu/atlas/internal/event/redis/adapter.go:181.4,181.10 1 0
github.com/cuihairu/atlas/internal/event/redis/adapter.go:183.4,184.23 2 1
github.com/cuihairu/atlas/internal/event/redis/adapter.go:187.3,187.30 1 1
github.com/cuihairu/atlas/internal/event/redis/adapter.go:195.2,196.1 3 1
github.com/cuihairu/atlas/internal/event/redis/adapter.go:197.2,205.16 3 1
github.com/cuihairu/atlas/internal/event/redis/adapter.go:206.3,206.60 1 1
github.com/cuihairu/atlas/internal/event/redis/adapter.go:207.4,208.1 1 1
github.com/cuihairu/atlas/internal/event/redis/adapter.go:209.3,209.9 1 1
github.com/cuihairu/atlas/internal/event/redis/adapter.go:211.2,211.30 1 1
github.com/cuihairu/atlas/internal/event/redis/adapter.go:212.3,213.1 1 0
github.com/cuihairu/atlas/internal/event/redis/adapter.go:219.2,227.16 2 1
github.com/cuihairu/atlas/internal/event/redis/adapter.go:228.3,229.1 1 1
github.com/cuihairu/atlas/internal/event/redis/adapter.go:230.2,230.28 1 1
github.com/cuihairu/atlas/internal/event/redis/adapter.go:231.3,231.35 1 0
github.com/cuihairu/atlas/internal/event/redis/adapter.go:232.4,232.12 1 0
github.com/cuihairu/atlas/internal/event/redis/adapter.go:234.3,236.43 2 0
github.com/cuihairu/atlas/internal/event/redis/adapter.go:241.2,243.56 3 1
github.com/cuihairu/atlas/internal/event/redis/adapter.go:245.3,248.1 3 0
github.com/cuihairu/atlas/internal/event/redis/adapter.go:249.2,250.1 2 1
github.com/cuihairu/atlas/internal/event/redis/adapter.go:251.2,251.35 2 1
github.com/cuihairu/atlas/internal/event/redis/adapter.go:252.3,255.1 2 1
github.com/cuihairu/atlas/internal/event/redis/adapter.go:256.2,256.73 1 1
github.com/cuihairu/atlas/internal/event/redis/adapter.go:257.3,258.1 1 0
github.com/cuihairu/atlas/internal/grpc/admin.go:13.2,13.66 1 1
github.com/cuihairu/atlas/internal/grpc/admin.go:14.3,15.1 1 1
github.com/cuihairu/atlas/internal/grpc/admin.go:16.2,16.75 1 1
github.com/cuihairu/atlas/internal/grpc/admin.go:21.2,21.60 1 1
github.com/cuihairu/atlas/internal/grpc/admin.go:22.3,23.1 1 1
github.com/cuihairu/atlas/internal/grpc/admin.go:24.2,24.72 1 1
github.com/cuihairu/atlas/internal/grpc/admin.go:29.2,29.58 1 1
github.com/cuihairu/atlas/internal/grpc/admin.go:30.3,31.1 1 1
github.com/cuihairu/atlas/internal/grpc/admin.go:32.2,32.70 1 1
github.com/cuihairu/atlas/internal/grpc/admin.go:37.2,37.59 1 1
github.com/cuihairu/atlas/internal/grpc/admin.go:38.3,39.1 1 1
github.com/cuihairu/atlas/internal/grpc/admin.go:40.2,40.72 1 1
github.com/cuihairu/atlas/internal/grpc/admin.go:45.2,46.16 2 1
github.com/cuihairu/atlas/internal/grpc/admin.go:47.3,48.1 1 0
github.com/cuihairu/atlas/internal/grpc/admin.go:49.2,57.1 2 1
github.com/cuihairu/atlas/internal/grpc/admin.go:58.2,58.42 2 1
github.com/cuihairu/atlas/internal/grpc/admin.go:59.3,60.1 1 1
github.com/cuihairu/atlas/internal/grpc/admin.go:61.2,61.42 1 1
github.com/cuihairu/atlas/internal/grpc/admin.go:62.3,63.1 1 1
github.com/cuihairu/atlas/internal/grpc/admin.go:64.2,64.43 1 1
github.com/cuihairu/atlas/internal/grpc/admin.go:65.3,66.1 1 1
github.com/cuihairu/atlas/internal/grpc/admin.go:67.2,67.17 1 1
github.com/cuihairu/atlas/internal/grpc/admin.go:72.2,77.1 2 1
github.com/cuihairu/atlas/internal/grpc/admin.go:78.2,78.24 2 1
github.com/cuihairu/atlas/internal/grpc/admin.go:79.3,81.1 2 1
github.com/cuihairu/atlas/internal/grpc/admin.go:82.2,82.25 1 1
github.com/cuihairu/atlas/internal/grpc/admin.go:83.3,85.1 2 1
github.com/cuihairu/atlas/internal/grpc/admin.go:86.2,86.25 1 1
github.com/cuihairu/atlas/internal/grpc/admin.go:87.3,89.1 2 1
github.com/cuihairu/atlas/internal/grpc/admin.go:91.2,92.16 2 1
github.com/cuihairu/atlas/internal/grpc/admin.go:93.3,94.1 1 0
github.com/cuihairu/atlas/internal/grpc/admin.go:95.2,95.93 1 1
github.com/cuihairu/atlas/internal/grpc/admin.go:100.2,104.16 2 1
github.com/cuihairu/atlas/internal/grpc/admin.go:105.3,106.1 1 0
github.com/cuihairu/atlas/internal/grpc/admin.go:107.2,107.68 1 1
github.com/cuihairu/atlas/internal/grpc/admin.go:112.2,113.16 2 1
github.com/cuihairu/atlas/internal/grpc/admin.go:114.3,115.1 1 0
github.com/cuihairu/atlas/internal/grpc/admin.go:116.2,116.65 1 1
github.com/cuihairu/atlas/internal/grpc/admin.go:121.2,122.16 2 1
github.com/cuihairu/atlas/internal/grpc/admin.go:123.3,124.1 1 0
github.com/cuihairu/atlas/internal/grpc/admin.go:125.2,126.31 2 1
github.com/cuihairu/atlas/internal/grpc/admin.go:127.3,128.1 1 1
github.com/cuihairu/atlas/internal/grpc/admin.go:129.2,129.17 1 1
github.com/cuihairu/atlas/internal/grpc/admin.go:134.2,134.72 1 1
github.com/cuihairu/atlas/internal/grpc/admin.go:135.3,136.1 1 1
github.com/cuihairu/atlas/internal/grpc/admin.go:137.2,138.16 2 1
github.com/cuihairu/atlas/internal/grpc/admin.go:139.3,140.1 1 0
github.com/cuihairu/atlas/internal/grpc/admin.go:141.2,141.70 1 1
github.com/cuihairu/atlas/internal/grpc/converters.go:11.36,11.71 1 1
github.com/cuihairu/atlas/internal/grpc/converters.go:14.2,14.14 1 1
github.com/cuihairu/atlas/internal/grpc/converters.go:15.3,16.1 1 1
github.com/cuihairu/atlas/internal/grpc/converters.go:17.2,17.35 1 1
github.com/cuihairu/atlas/internal/grpc/converters.go:22.2,37.1 2 1
github.com/cuihairu/atlas/internal/grpc/converters.go:38.2,38.24 2 1
github.com/cuihairu/atlas/internal/grpc/converters.go:39.3,40.1 1 0
github.com/cuihairu/atlas/internal/grpc/converters.go:41.2,41.24 1 1
github.com/cuihairu/atlas/internal/grpc/converters.go:42.3,43.1 1 0
github.com/cuihairu/atlas/internal/grpc/converters.go:44.2,45.12 2 1
github.com/cuihairu/atlas/internal/grpc/converters.go:50.2,61.1 3 1
github.com/cuihairu/atlas/internal/grpc/converters.go:62.2,64.1 3 1
github.com/cuihairu/atlas/internal/grpc/converters.go:68.2,75.1 1 1
github.com/cuihairu/atlas/internal/grpc/directory.go:20.2,20.70 1 1
github.com/cuihairu/atlas/internal/grpc/directory.go:21.3,22.1 1 1
github.com/cuihairu/atlas/internal/grpc/directory.go:26.2,27.16 2 1
github.com/cuihairu/atlas/internal/grpc/directory.go:28.3,29.1 1 0
github.com/cuihairu/atlas/internal/grpc/directory.go:30.2,30.24 1 1
github.com/cuihairu/atlas/internal/grpc/directory.go:31.3,32.1 1 0
github.com/cuihairu/atlas/internal/grpc/directory.go:34.2,44.1 3 1
github.com/cuihairu/atlas/internal/grpc/directory.go:45.2,45.51 3 1
github.com/cuihairu/atlas/internal/grpc/directory.go:46.3,47.1 1 0
github.com/cuihairu/atlas/internal/grpc/directory.go:48.2,48.29 1 1
github.com/cuihairu/atlas/internal/grpc/directory.go:49.3,50.1 1 0
github.com/cuihairu/atlas/internal/grpc/directory.go:52.2,53.16 2 1
github.com/cuihairu/atlas/internal/grpc/directory.go:54.3,55.1 1 0
github.com/cuihairu/atlas/internal/grpc/directory.go:56.2,56.88 1 1
github.com/cuihairu/atlas/internal/grpc/directory.go:61.2,62.16 2 1
github.com/cuihairu/atlas/internal/grpc/directory.go:63.3,64.1 1 1
github.com/cuihairu/atlas/internal/grpc/directory.go:65.2,65.66 1 1
github.com/cuihairu/atlas/internal/grpc/directory.go:70.2,71.16 2 1
github.com/cuihairu/atlas/internal/grpc/directory.go:72.3,73.1 1 0
github.com/cuihairu/atlas/internal/grpc/directory.go:74.2,74.82 1 1
github.com/cuihairu/atlas/internal/grpc/directory.go:79.2,80.16 2 1
github.com/cuihairu/atlas/internal/grpc/directory.go:81.3,82.1 1 0
github.com/cuihairu/atlas/internal/grpc/directory.go:83.2,86.8 1 1
github.com/cuihairu/atlas/internal/grpc/directory.go:91.2,91.26 1 1
github.com/cuihairu/atlas/internal/grpc/directory.go:92.3,93.1 1 1
github.com/cuihairu/atlas/internal/grpc/directory.go:95.2,100.1 2 1
github.com/cuihairu/atlas/internal/grpc/directory.go:101.2,101.21 2 1
github.com/cuihairu/atlas/internal/grpc/directory.go:102.3,103.1 1 0
github.com/cuihairu/atlas/internal/grpc/directory.go:104.2,104.22 1 1
github.com/cuihairu/atlas/internal/grpc/directory.go:105.3,107.1 2 1
github.com/cuihairu/atlas/internal/grpc/directory.go:108.2,108.24 1 1
github.com/cuihairu/atlas/internal/grpc/directory.go:109.3,111.1 2 0
github.com/cuihairu/atlas/internal/grpc/directory.go:112.2,112.23 1 1
github.com/cuihairu/atlas/internal/grpc/directory.go:113.3,114.1 1 0
github.com/cuihairu/atlas/internal/grpc/directory.go:116.2,116.51 1 1
github.com/cuihairu/atlas/internal/grpc/directory.go:117.3,118.1 1 1
github.com/cuihairu/atlas/internal/grpc/directory.go:119.2,119.29 1 1
github.com/cuihairu/atlas/internal/grpc/directory.go:120.3,121.1 1 0
github.com/cuihairu/atlas/internal/grpc/directory.go:123.2,124.16 2 1
github.com/cuihairu/atlas/internal/grpc/directory.go:125.3,126.1 1 0
github.com/cuihairu/atlas/internal/grpc/directory.go:127.2,127.88 1 1
github.com/cuihairu/atlas/internal/grpc/directory.go:133.2,134.16 2 1
github.com/cuihairu/atlas/internal/grpc/directory.go:135.3,136.1 1 1
github.com/cuihairu/atlas/internal/grpc/directory.go:138.2,143.1 2 1
github.com/cuihairu/atlas/internal/grpc/directory.go:144.2,144.51 2 1
github.com/cuihairu/atlas/internal/grpc/directory.go:145.3,146.1 1 0
github.com/cuihairu/atlas/internal/grpc/directory.go:147.2,147.29 1 1
github.com/cuihairu/atlas/internal/grpc/directory.go:148.3,149.1 1 0
github.com/cuihairu/atlas/internal/grpc/directory.go:150.2,150.60 1 1
github.com/cuihairu/atlas/internal/grpc/directory.go:155.2,156.27 2 1
github.com/cuihairu/atlas/internal/grpc/directory.go:157.3,158.1 1 1
github.com/cuihairu/atlas/internal/grpc/directory.go:159.2,159.12 1 1
github.com/cuihairu/atlas/internal/grpc/directory.go:164.2,165.1 1 1
github.com/cuihairu/atlas/internal/grpc/discovery.go:13.2,22.1 3 1
github.com/cuihairu/atlas/internal/grpc/discovery.go:23.2,24.16 3 1
github.com/cuihairu/atlas/internal/grpc/discovery.go:25.3,26.1 1 0
github.com/cuihairu/atlas/internal/grpc/discovery.go:27.2,28.30 2 1
github.com/cuihairu/atlas/internal/grpc/discovery.go:29.3,30.1 1 1
github.com/cuihairu/atlas/internal/grpc/discovery.go:31.2,31.17 1 1
github.com/cuihairu/atlas/internal/grpc/discovery.go:36.2,37.16 2 1
github.com/cuihairu/atlas/internal/grpc/discovery.go:38.3,39.1 1 0
github.com/cuihairu/atlas/internal/grpc/discovery.go:40.2,40.58 1 1
github.com/cuihairu/atlas/internal/grpc/registry.go:13.2,21.1 2 1
github.com/cuihairu/atlas/internal/grpc/registry.go:22.2,22.23 2 1
github.com/cuihairu/atlas/internal/grpc/registry.go:23.3,24.1 1 0
github.com/cuihairu/atlas/internal/grpc/registry.go:25.2,25.23 1 1
github.com/cuihairu/atlas/internal/grpc/registry.go:26.3,27.1 1 0
github.com/cuihairu/atlas/internal/grpc/registry.go:28.2,28.25 1 1
github.com/cuihairu/atlas/internal/grpc/registry.go:29.3,30.1 1 1
github.com/cuihairu/atlas/internal/grpc/registry.go:32.2,33.16 2 1
github.com/cuihairu/atlas/internal/grpc/registry.go:34.3,35.1 1 1
github.com/cuihairu/atlas/internal/grpc/registry.go:36.2,36.57 1 1
github.com/cuihairu/atlas/internal/grpc/registry.go:41.2,44.1 2 1
github.com/cuihairu/atlas/internal/grpc/registry.go:45.2,45.22 2 1
github.com/cuihairu/atlas/internal/grpc/registry.go:46.3,47.1 1 0
github.com/cuihairu/atlas/internal/grpc/registry.go:48.2,49.16 2 1
github.com/cuihairu/atlas/internal/grpc/registry.go:50.3,51.1 1 1
github.com/cuihairu/atlas/internal/grpc/registry.go:52.2,56.8 1 1
github.com/cuihairu/atlas/internal/grpc/registry.go:61.2,61.65 1 1
github.com/cuihairu/atlas/internal/grpc/registry.go:62.3,63.1 1 1
github.com/cuihairu/atlas/internal/grpc/registry.go:64.2,67.8 1 1
github.com/cuihairu/atlas/internal/grpc/routing.go:13.2,20.16 2 1
github.com/cuihairu/atlas/internal/grpc/routing.go:21.3,22.1 1 1
github.com/cuihairu/atlas/internal/grpc/routing.go:23.2,23.74 1 1
github.com/cuihairu/atlas/internal/grpc/server.go:42.2,49.1 1 1
github.com/cuihairu/atlas/internal/grpc/server.go:55.2,60.1 5 1
github.com/cuihairu/atlas/internal/grpc/server.go:64.2,64.9 1 1
github.com/cuihairu/atlas/internal/grpc/server.go:66.3,66.13 1 0
github.com/cuihairu/atlas/internal/grpc/server.go:68.3,68.51 1 1
github.com/cuihairu/atlas/internal/grpc/server.go:70.3,70.58 1 1
github.com/cuihairu/atlas/internal/grpc/server.go:72.3,72.56 1 1
github.com/cuihairu/atlas/internal/grpc/server.go:74.3,74.51 1 0
github.com/cuihairu/atlas/internal/health/alert.go:50.2,51.18 2 1
github.com/cuihairu/atlas/internal/health/alert.go:52.3,53.1 1 1
github.com/cuihairu/atlas/internal/health/alert.go:54.2,60.1 1 1
github.com/cuihairu/atlas/internal/health/alert.go:66.2,66.14 1 1
github.com/cuihairu/atlas/internal/health/alert.go:67.3,68.1 1 0
github.com/cuihairu/atlas/internal/health/alert.go:69.2,70.70 2 1
github.com/cuihairu/atlas/internal/health/alert.go:74.2,74.20 1 1
github.com/cuihairu/atlas/internal/health/alert.go:75.3,76.1 1 1
github.com/cuihairu/atlas/internal/health/alert.go:78.2,79.15 2 1
github.com/cuihairu/atlas/internal/health/alert.go:80.3,81.1 1 1
github.com/cuihairu/atlas/internal/health/alert.go:82.2,84.1 3 1
github.com/cuihairu/atlas/internal/health/alert.go:85.2,85.9 3 1
github.com/cuihairu/atlas/internal/health/alert.go:87.3,88.58 2 1
github.com/cuihairu/atlas/internal/health/alert.go:90.3,91.59 2 1
github.com/cuihairu/atlas/internal/health/alert.go:96.2,97.12 2 1
github.com/cuihairu/atlas/internal/health/alert.go:98.3,99.1 1 1
github.com/cuihairu/atlas/internal/health/alert.go:100.2,108.1 2 1
github.com/cuihairu/atlas/internal/health/alert.go:109.2,109.28 2 1
github.com/cuihairu/atlas/internal/health/alert.go:110.3,111.1 1 1
github.com/cuihairu/atlas/internal/health/alert.go:112.2,120.4 1 1
github.com/cuihairu/atlas/internal/health/alert.go:134.2,135.16 2 1
github.com/cuihairu/atlas/internal/health/alert.go:136.3,138.1 2 0
github.com/cuihairu/atlas/internal/health/alert.go:139.2,140.16 2 1
github.com/cuihairu/atlas/internal/health/alert.go:141.3,143.1 2 0
github.com/cuihairu/atlas/internal/health/alert.go:144.2,146.1 4 1
github.com/cuihairu/atlas/internal/health/alert.go:147.2,148.16 4 1
github.com/cuihairu/atlas/internal/health/alert.go:149.3,151.1 2 1
github.com/cuihairu/atlas/internal/health/alert.go:152.2,153.28 2 1
github.com/cuihairu/atlas/internal/health/alert.go:154.3,155.1 1 0
github.com/cuihairu/atlas/internal/health/monitor.go:31.2,38.1 1 1
github.com/cuihairu/atlas/internal/health/monitor.go:43.2,45.1 2 1
github.com/cuihairu/atlas/internal/health/monitor.go:49.2,51.1 2 1
github.com/cuihairu/atlas/internal/health/monitor.go:55.2,60.1 4 1
github.com/cuihairu/atlas/internal/health/monitor.go:61.2,63.1 4 1
github.com/cuihairu/atlas/internal/health/monitor.go:64.2,64.6 4 1
github.com/cuihairu/atlas/internal/health/monitor.go:65.3,65.10 1 1
github.com/cuihairu/atlas/internal/health/monitor.go:67.4,68.10 2 1
github.com/cuihairu/atlas/internal/health/monitor.go:70.4,70.39 1 1
github.com/cuihairu/atlas/internal/health/monitor.go:71.5,72.1 1 0
github.com/cuihairu/atlas/internal/health/monitor.go:81.2,82.16 2 1
github.com/cuihairu/atlas/internal/health/monitor.go:83.3,84.1 1 0
github.com/cuihairu/atlas/internal/health/monitor.go:86.2,87.1 2 1
github.com/cuihairu/atlas/internal/health/monitor.go:91.2,91.69 2 1
github.com/cuihairu/atlas/internal/health/monitor.go:92.3,93.1 1 0
github.com/cuihairu/atlas/internal/health/monitor.go:95.2,95.30 1 1
github.com/cuihairu/atlas/internal/health/monitor.go:96.3,96.32 1 1
github.com/cuihairu/atlas/internal/health/monitor.go:97.4,97.12 1 1
github.com/cuihairu/atlas/internal/health/monitor.go:100.3,101.17 2 1
github.com/cuihairu/atlas/internal/health/monitor.go:104.4,104.42 1 1
github.com/cuihairu/atlas/internal/health/monitor.go:105.5,107.29 3 0
github.com/cuihairu/atlas/internal/health/monitor.go:108.6,108.117 1 0
github.com/cuihairu/atlas/internal/health/monitor.go:109.7,110.1 1 0
github.com/cuihairu/atlas/internal/health/monitor.go:113.4,113.12 1 1
github.com/cuihairu/atlas/internal/health/monitor.go:116.3,118.1 3 1
github.com/cuihairu/atlas/internal/health/monitor.go:119.3,119.21 3 1
github.com/cuihairu/atlas/internal/health/monitor.go:121.4,121.28 1 1
github.com/cuihairu/atlas/internal/health/monitor.go:122.5,122.141 1 1
github.com/cuihairu/atlas/internal/health/monitor.go:123.6,124.1 1 0
github.com/cuihairu/atlas/internal/health/monitor.go:125.11,125.35 1 1
github.com/cuihairu/atlas/internal/health/monitor.go:126.5,126.141 1 1
github.com/cuihairu/atlas/internal/health/monitor.go:127.6,128.1 1 0
github.com/cuihairu/atlas/internal/health/monitor.go:132.4,132.28 1 1
github.com/cuihairu/atlas/internal/health/monitor.go:133.5,133.141 1 1
github.com/cuihairu/atlas/internal/health/monitor.go:134.6,135.1 1 0
github.com/cuihairu/atlas/internal/health/monitor.go:136.11,136.36 1 1
github.com/cuihairu/atlas/internal/health/monitor.go:138.5,138.107 1 1
github.com/cuihairu/atlas/internal/health/monitor.go:139.6,140.1 1 0
github.com/cuihairu/atlas/internal/health/monitor.go:146.2,146.22 1 1
github.com/cuihairu/atlas/internal/health/monitor.go:147.3,149.1 2 1
github.com/cuihairu/atlas/internal/health/monitor.go:151.2,151.12 1 1
github.com/cuihairu/atlas/internal/health/monitor.go:155.2,163.1 4 1
github.com/cuihairu/atlas/internal/health/monitor.go:176.2,177.16 2 1
github.com/cuihairu/atlas/internal/health/monitor.go:178.3,179.1 1 0
github.com/cuihairu/atlas/internal/health/monitor.go:180.2,180.23 1 1
github.com/cuihairu/atlas/internal/health/monitor.go:181.3,182.1 1 1
github.com/cuihairu/atlas/internal/health/monitor.go:184.2,185.30 2 1
github.com/cuihairu/atlas/internal/health/monitor.go:186.3,187.1 1 1
github.com/cuihairu/atlas/internal/health/monitor.go:189.2,189.28 1 1
github.com/cuihairu/atlas/internal/health/monitor.go:190.3,191.10 2 1
github.com/cuihairu/atlas/internal/health/monitor.go:194.4,194.85 1 1
github.com/cuihairu/atlas/internal/health/monitor.go:195.5,196.73 1 1
github.com/cuihairu/atlas/internal/health/monitor.go:197.6,199.14 2 0
github.com/cuihairu/atlas/internal/health/monitor.go:202.4,202.69 1 1
github.com/cuihairu/atlas/internal/health/monitor.go:203.5,205.1 1 0
github.com/cuihairu/atlas/internal/health/monitor.go:208.4,209.46 2 1
github.com/cuihairu/atlas/internal/health/monitor.go:210.5,212.57 2 1
github.com/cuihairu/atlas/internal/health/monitor.go:213.6,215.14 2 0
github.com/cuihairu/atlas/internal/health/monitor.go:218.4,218.84 1 1
github.com/cuihairu/atlas/internal/health/monitor.go:219.5,221.1 1 0
github.com/cuihairu/atlas/internal/health/monitor.go:224.2,224.12 1 1
github.com/cuihairu/atlas/internal/health/monitor.go:232.2,232.30 1 1
github.com/cuihairu/atlas/internal/health/monitor.go:233.3,233.21 1 1
github.com/cuihairu/atlas/internal/health/monitor.go:235.4,236.22 2 1
github.com/cuihairu/atlas/internal/health/monitor.go:238.5,238.14 1 1
github.com/cuihairu/atlas/internal/health/monitor.go:240.5,240.14 1 1
github.com/cuihairu/atlas/internal/health/monitor.go:244.2,244.32 1 1
github.com/cuihairu/atlas/internal/httpapi/audit.go:43.2,43.14 1 1
github.com/cuihairu/atlas/internal/httpapi/audit.go:44.3,45.1 1 1
github.com/cuihairu/atlas/internal/httpapi/audit.go:46.2,46.18 1 1
github.com/cuihairu/atlas/internal/httpapi/audit.go:47.3,48.1 1 1
github.com/cuihairu/atlas/internal/httpapi/audit.go:49.2,49.62 1 1
github.com/cuihairu/atlas/internal/httpapi/audit.go:59.2,61.1 2 1
github.com/cuihairu/atlas/internal/httpapi/audit.go:64.2,64.71 1 1
github.com/cuihairu/atlas/internal/httpapi/audit.go:67.3,68.44 2 1
github.com/cuihairu/atlas/internal/httpapi/audit.go:69.4,70.18 2 1
github.com/cuihairu/atlas/internal/httpapi/audit.go:71.5,71.29 1 1
github.com/cuihairu/atlas/internal/httpapi/audit.go:72.6,73.1 1 0
github.com/cuihairu/atlas/internal/httpapi/audit.go:74.5,75.48 2 1
github.com/cuihairu/atlas/internal/httpapi/audit.go:79.3,81.1 5 1
github.com/cuihairu/atlas/internal/httpapi/audit.go:82.3,90.1 5 1
github.com/cuihairu/atlas/internal/httpapi/audit.go:91.3,91.20 5 1
github.com/cuihairu/atlas/internal/httpapi/audit.go:94.4,94.24 1 1
github.com/cuihairu/atlas/internal/httpapi/audit.go:95.5,96.1 1 1
github.com/cuihairu/atlas/internal/httpapi/audit.go:97.5,97.59 1 1
github.com/cuihairu/atlas/internal/httpapi/audit.go:98.6,99.1 1 1
github.com/cuihairu/atlas/internal/httpapi/audit.go:103.3,112.4 2 1
github.com/cuihairu/atlas/internal/httpapi/audit.go:117.2,120.25 4 1
github.com/cuihairu/atlas/internal/httpapi/audit.go:121.3,122.1 1 1
github.com/cuihairu/atlas/internal/httpapi/audit.go:127.2,129.31 3 1
github.com/cuihairu/atlas/internal/httpapi/audit.go:130.3,131.1 1 1
github.com/cuihairu/atlas/internal/httpapi/audit.go:132.2,134.12 3 1
github.com/cuihairu/atlas/internal/httpapi/audit.go:138.2,138.16 1 1
github.com/cuihairu/atlas/internal/httpapi/audit.go:140.3,140.14 1 1
github.com/cuihairu/atlas/internal/httpapi/audit.go:142.2,142.14 1 1
github.com/cuihairu/atlas/internal/httpapi/auth.go:43.2,43.55 1 1
github.com/cuihairu/atlas/internal/httpapi/auth.go:44.3,45.1 1 1
github.com/cuihairu/atlas/internal/httpapi/auth.go:46.2,46.29 1 1
github.com/cuihairu/atlas/internal/httpapi/auth.go:47.3,48.1 1 1
github.com/cuihairu/atlas/internal/httpapi/auth.go:49.2,49.66 1 1
github.com/cuihairu/atlas/internal/httpapi/auth.go:55.2,57.1 2 1
github.com/cuihairu/atlas/internal/httpapi/auth.go:62.2,64.1 2 1
github.com/cuihairu/atlas/internal/httpapi/auth.go:89.2,92.1 4 1
github.com/cuihairu/atlas/internal/httpapi/auth.go:93.2,93.46 4 1
github.com/cuihairu/atlas/internal/httpapi/auth.go:94.3,94.72 1 1
github.com/cuihairu/atlas/internal/httpapi/auth.go:96.4,96.14 1 1
github.com/cuihairu/atlas/internal/httpapi/auth.go:97.5,98.46 2 1
github.com/cuihairu/atlas/internal/httpapi/auth.go:99.6,106.1 3 1
github.com/cuihairu/atlas/internal/httpapi/auth.go:110.4,111.15 2 1
github.com/cuihairu/atlas/internal/httpapi/auth.go:112.5,113.18 2 1
github.com/cuihairu/atlas/internal/httpapi/auth.go:114.6,117.1 2 1
github.com/cuihairu/atlas/internal/httpapi/auth.go:118.5,118.39 1 1
github.com/cuihairu/atlas/internal/httpapi/auth.go:119.6,125.1 3 1
github.com/cuihairu/atlas/internal/httpapi/auth.go:126.5,128.17 3 1
github.com/cuihairu/atlas/internal/httpapi/auth.go:129.6,129.40 1 1
github.com/cuihairu/atlas/internal/httpapi/auth.go:130.7,131.1 1 1
github.com/cuihairu/atlas/internal/httpapi/auth.go:136.4,137.1 2 1
github.com/cuihairu/atlas/internal/httpapi/auth.go:139.4,139.93 2 1
github.com/cuihairu/atlas/internal/httpapi/auth.go:140.5,148.1 3 1
github.com/cuihairu/atlas/internal/httpapi/auth.go:150.4,150.85 1 1
github.com/cuihairu/atlas/internal/httpapi/auth.go:159.2,160.47 2 1
github.com/cuihairu/atlas/internal/httpapi/auth.go:161.3,162.17 2 1
github.com/cuihairu/atlas/internal/httpapi/auth.go:163.4,163.12 1 0
github.com/cuihairu/atlas/internal/httpapi/auth.go:165.3,168.27 4 1
github.com/cuihairu/atlas/internal/httpapi/auth.go:169.4,170.1 1 1
github.com/cuihairu/atlas/internal/httpapi/auth.go:171.3,171.15 1 1
github.com/cuihairu/atlas/internal/httpapi/auth.go:172.44,172.44 0 1
github.com/cuihairu/atlas/internal/httpapi/auth.go:174.4,174.88 1 1
github.com/cuihairu/atlas/internal/httpapi/auth.go:176.3,176.16 1 1
github.com/cuihairu/atlas/internal/httpapi/auth.go:177.4,178.1 1 1
github.com/cuihairu/atlas/internal/httpapi/auth.go:180.2,180.19 1 1
github.com/cuihairu/atlas/internal/httpapi/auth.go:187.2,187.55 1 1
github.com/cuihairu/atlas/internal/httpapi/auth.go:188.3,190.1 2 1
github.com/cuihairu/atlas/internal/httpapi/auth.go:191.2,191.49 1 1
github.com/cuihairu/atlas/internal/httpapi/auth.go:192.3,193.1 1 0
github.com/cuihairu/atlas/internal/httpapi/auth.go:194.2,195.13 2 1
github.com/cuihairu/atlas/internal/httpapi/auth.go:200.2,201.15 2 1
github.com/cuihairu/atlas/internal/httpapi/auth.go:202.3,203.1 1 0
github.com/cuihairu/atlas/internal/httpapi/auth.go:204.2,204.31 1 1
github.com/cuihairu/atlas/internal/httpapi/auth.go:205.3,205.24 1 1
github.com/cuihairu/atlas/internal/httpapi/auth.go:206.4,207.1 1 1
github.com/cuihairu/atlas/internal/httpapi/auth.go:209.2,209.14 1 1
github.com/cuihairu/atlas/internal/httpapi/auth.go:214.2,215.41 2 1
github.com/cuihairu/atlas/internal/httpapi/auth.go:216.3,217.1 1 1
github.com/cuihairu/atlas/internal/httpapi/auth.go:218.2,218.44 1 1
github.com/cuihairu/atlas/internal/httpapi/auth.go:225.2,225.34 1 1
github.com/cuihairu/atlas/internal/httpapi/auth.go:226.3,227.1 1 0
github.com/cuihairu/atlas/internal/httpapi/auth.go:228.2,229.47 2 1
github.com/cuihairu/atlas/internal/httpapi/auth.go:230.3,231.17 2 1
github.com/cuihairu/atlas/internal/httpapi/auth.go:232.4,232.12 1 0
github.com/cuihairu/atlas/internal/httpapi/auth.go:235.3,235.35 1 1
github.com/cuihairu/atlas/internal/httpapi/auth.go:236.4,237.17 2 1
github.com/cuihairu/atlas/internal/httpapi/auth.go:238.5,238.13 1 0
github.com/cuihairu/atlas/internal/httpapi/auth.go:240.4,240.23 1 1
github.com/cuihairu/atlas/internal/httpapi/auth.go:241.5,242.1 1 1
github.com/cuihairu/atlas/internal/httpapi/auth.go:243.5,244.1 1 0
github.com/cuihairu/atlas/internal/httpapi/auth.go:246.3,247.17 2 1
github.com/cuihairu/atlas/internal/httpapi/auth.go:248.4,249.1 1 0
github.com/cuihairu/atlas/internal/httpapi/auth.go:250.3,250.28 1 1
github.com/cuihairu/atlas/internal/httpapi/auth.go:252.2,252.18 1 1
github.com/cuihairu/atlas/internal/httpapi/auth.go:257.2,258.47 2 1
github.com/cuihairu/atlas/internal/httpapi/auth.go:259.3,260.17 2 1
github.com/cuihairu/atlas/internal/httpapi/auth.go:261.4,262.1 1 1
github.com/cuihairu/atlas/internal/httpapi/auth.go:264.2,264.13 1 1
github.com/cuihairu/atlas/internal/httpapi/auth.go:270.2,270.54 1 1
github.com/cuihairu/atlas/internal/httpapi/auth.go:271.3,272.1 1 1
github.com/cuihairu/atlas/internal/httpapi/auth.go:273.2,274.40 2 1
github.com/cuihairu/atlas/internal/httpapi/handlers.go:40.2,49.1 1 1
github.com/cuihairu/atlas/internal/httpapi/handlers.go:56.2,58.1 2 1
github.com/cuihairu/atlas/internal/httpapi/handlers.go:64.2,69.1 5 1
github.com/cuihairu/atlas/internal/httpapi/handlers.go:74.2,77.1 3 1
github.com/cuihairu/atlas/internal/httpapi/handlers.go:83.2,86.1 10 1
github.com/cuihairu/atlas/internal/httpapi/handlers.go:88.2,89.1 10 1
github.com/cuihairu/atlas/internal/httpapi/handlers.go:91.2,97.1 10 1
github.com/cuihairu/atlas/internal/httpapi/handlers.go:102.2,116.1 24 1
github.com/cuihairu/atlas/internal/httpapi/handlers.go:118.2,121.1 24 1
github.com/cuihairu/atlas/internal/httpapi/handlers.go:122.2,128.20 24 1
github.com/cuihairu/atlas/internal/httpapi/handlers.go:129.3,130.1 1 1
github.com/cuihairu/atlas/internal/httpapi/handlers.go:135.2,136.46 2 1
github.com/cuihairu/atlas/internal/httpapi/handlers.go:137.3,137.53 1 1
github.com/cuihairu/atlas/internal/httpapi/handlers.go:138.4,139.1 1 1
github.com/cuihairu/atlas/internal/httpapi/handlers.go:141.2,143.4 1 1
github.com/cuihairu/atlas/internal/httpapi/handlers.go:151.2,162.1 2 1
github.com/cuihairu/atlas/internal/httpapi/handlers.go:164.2,164.61 2 1
github.com/cuihairu/atlas/internal/httpapi/handlers.go:165.3,167.1 2 1
github.com/cuihairu/atlas/internal/httpapi/handlers.go:169.2,180.1 3 1
github.com/cuihairu/atlas/internal/httpapi/handlers.go:182.2,183.16 3 1
github.com/cuihairu/atlas/internal/httpapi/handlers.go:184.3,184.39 1 1
github.com/cuihairu/atlas/internal/httpapi/handlers.go:185.4,187.1 2 1
github.com/cuihairu/atlas/internal/httpapi/handlers.go:188.3,188.40 1 1
github.com/cuihairu/atlas/internal/httpapi/handlers.go:189.4,191.1 2 1
github.com/cuihairu/atlas/internal/httpapi/handlers.go:192.3,193.9 2 0
github.com/cuihairu/atlas/internal/httpapi/handlers.go:196.2,199.4 1 1
github.com/cuihairu/atlas/internal/httpapi/handlers.go:203.2,204.1 3 1
github.com/cuihairu/atlas/internal/httpapi/handlers.go:205.2,206.60 3 1
github.com/cuihairu/atlas/internal/httpapi/handlers.go:207.3,209.1 2 0
github.com/cuihairu/atlas/internal/httpapi/handlers.go:211.2,212.16 2 1
github.com/cuihairu/atlas/internal/httpapi/handlers.go:213.3,213.40 1 1
github.com/cuihairu/atlas/internal/httpapi/handlers.go:214.4,216.1 2 1
github.com/cuihairu/atlas/internal/httpapi/handlers.go:217.3,217.39 1 1
github.com/cuihairu/atlas/internal/httpapi/handlers.go:218.4,220.1 2 1
github.com/cuihairu/atlas/internal/httpapi/handlers.go:221.3,222.9 2 0
github.com/cuihairu/atlas/internal/httpapi/handlers.go:225.2,229.4 1 1
github.com/cuihairu/atlas/internal/httpapi/handlers.go:233.2,234.1 2 1
github.com/cuihairu/atlas/internal/httpapi/handlers.go:235.2,235.63 2 1
github.com/cuihairu/atlas/internal/httpapi/handlers.go:236.3,236.40 1 1
github.com/cuihairu/atlas/internal/httpapi/handlers.go:237.4,239.1 2 1
github.com/cuihairu/atlas/internal/httpapi/handlers.go:240.3,241.9 2 0
github.com/cuihairu/atlas/internal/httpapi/handlers.go:244.2,247.4 1 1
github.com/cuihairu/atlas/internal/httpapi/handlers.go:255.2,256.1 3 1
github.com/cuihairu/atlas/internal/httpapi/handlers.go:257.2,264.1 3 1
github.com/cuihairu/atlas/internal/httpapi/handlers.go:266.2,266.35 3 1
github.com/cuihairu/atlas/internal/httpapi/handlers.go:267.3,268.24 2 1
github.com/cuihairu/atlas/internal/httpapi/handlers.go:269.4,271.1 2 0
github.com/cuihairu/atlas/internal/httpapi/handlers.go:274.2,274.34 1 1
github.com/cuihairu/atlas/internal/httpapi/handlers.go:275.3,276.27 2 1
github.com/cuihairu/atlas/internal/httpapi/handlers.go:277.4,279.1 2 0
github.com/cuihairu/atlas/internal/httpapi/handlers.go:280.3,280.14 1 1
github.com/cuihairu/atlas/internal/httpapi/handlers.go:283.2,284.16 2 1
github.com/cuihairu/atlas/internal/httpapi/handlers.go:285.3,287.1 2 0
github.com/cuihairu/atlas/internal/httpapi/handlers.go:289.2,291.4 1 1
github.com/cuihairu/atlas/internal/httpapi/handlers.go:295.2,296.1 3 1
github.com/cuihairu/atlas/internal/httpapi/handlers.go:297.2,298.16 3 1
github.com/cuihairu/atlas/internal/httpapi/handlers.go:299.3,299.40 1 1
github.com/cuihairu/atlas/internal/httpapi/handlers.go:300.4,302.1 2 1
github.com/cuihairu/atlas/internal/httpapi/handlers.go:303.3,304.9 2 0
github.com/cuihairu/atlas/internal/httpapi/handlers.go:307.2,307.34 1 1
github.com/cuihairu/atlas/internal/httpapi/handlers.go:315.2,322.1 2 1
github.com/cuihairu/atlas/internal/httpapi/handlers.go:324.2,324.61 2 1
github.com/cuihairu/atlas/internal/httpapi/handlers.go:325.3,327.1 2 1
github.com/cuihairu/atlas/internal/httpapi/handlers.go:331.2,331.70 1 1
github.com/cuihairu/atlas/internal/httpapi/handlers.go:332.3,334.1 2 1
github.com/cuihairu/atlas/internal/httpapi/handlers.go:339.2,340.16 2 1
github.com/cuihairu/atlas/internal/httpapi/handlers.go:341.3,343.1 2 0
github.com/cuihairu/atlas/internal/httpapi/handlers.go:344.2,344.24 1 1
github.com/cuihairu/atlas/internal/httpapi/handlers.go:345.3,347.1 2 1
github.com/cuihairu/atlas/internal/httpapi/handlers.go:348.2,348.18 1 1
github.com/cuihairu/atlas/internal/httpapi/handlers.go:351.3,354.1 2 1
github.com/cuihairu/atlas/internal/httpapi/handlers.go:356.2,366.1 3 1
github.com/cuihairu/atlas/internal/httpapi/handlers.go:367.2,367.59 3 1
github.com/cuihairu/atlas/internal/httpapi/handlers.go:368.3,370.1 2 0
github.com/cuihairu/atlas/internal/httpapi/handlers.go:372.2,372.29 1 1
github.com/cuihairu/atlas/internal/httpapi/handlers.go:373.3,375.1 2 0
github.com/cuihairu/atlas/internal/httpapi/handlers.go:377.2,378.16 2 1
github.com/cuihairu/atlas/internal/httpapi/handlers.go:379.3,381.1 2 0
github.com/cuihairu/atlas/internal/httpapi/handlers.go:382.2,382.38 1 1
github.com/cuihairu/atlas/internal/httpapi/handlers.go:388.2,393.1 3 1
github.com/cuihairu/atlas/internal/httpapi/handlers.go:394.2,394.39 3 1
github.com/cuihairu/atlas/internal/httpapi/handlers.go:395.3,396.17 2 1
github.com/cuihairu/atlas/internal/httpapi/handlers.go:397.4,399.1 2 1
github.com/cuihairu/atlas/internal/httpapi/handlers.go:400.3,400.28 1 0
github.com/cuihairu/atlas/internal/httpapi/handlers.go:403.2,404.16 2 1
github.com/cuihairu/atlas/internal/httpapi/handlers.go:405.3,405.40 1 1
github.com/cuihairu/atlas/internal/httpapi/handlers.go:406.4,408.1 2 1
github.com/cuihairu/atlas/internal/httpapi/handlers.go:409.3,410.9 2 0
github.com/cuihairu/atlas/internal/httpapi/handlers.go:415.2,419.4 2 1
github.com/cuihairu/atlas/internal/httpapi/handlers.go:424.2,424.38 1 1
github.com/cuihairu/atlas/internal/httpapi/handlers.go:425.3,427.1 2 1
github.com/cuihairu/atlas/internal/httpapi/handlers.go:428.2,428.39 1 1
github.com/cuihairu/atlas/internal/httpapi/handlers.go:429.3,431.1 2 1
github.com/cuihairu/atlas/internal/httpapi/handlers.go:432.2,432.72 1 1
github.com/cuihairu/atlas/internal/httpapi/handlers.go:436.2,438.16 3 1
github.com/cuihairu/atlas/internal/httpapi/handlers.go:439.3,441.1 2 1
github.com/cuihairu/atlas/internal/httpapi/handlers.go:443.2,444.16 2 1
github.com/cuihairu/atlas/internal/httpapi/handlers.go:445.3,447.1 2 0
github.com/cuihairu/atlas/internal/httpapi/handlers.go:449.2,451.4 1 1
github.com/cuihairu/atlas/internal/httpapi/handlers.go:455.2,457.16 3 1
github.com/cuihairu/atlas/internal/httpapi/handlers.go:458.3,460.1 2 1
github.com/cuihairu/atlas/internal/httpapi/handlers.go:462.2,463.16 2 1
github.com/cuihairu/atlas/internal/httpapi/handlers.go:464.3,464.40 1 1
github.com/cuihairu/atlas/internal/httpapi/handlers.go:465.4,467.1 2 1
github.com/cuihairu/atlas/internal/httpapi/handlers.go:468.3,469.9 2 0
github.com/cuihairu/atlas/internal/httpapi/handlers.go:472.2,472.33 1 1
github.com/cuihairu/atlas/internal/httpapi/handlers.go:476.2,478.1 4 1
github.com/cuihairu/atlas/internal/httpapi/handlers.go:479.2,480.34 4 1
github.com/cuihairu/atlas/internal/httpapi/handlers.go:481.3,482.26 2 0
github.com/cuihairu/atlas/internal/httpapi/handlers.go:483.4,484.1 1 0
github.com/cuihairu/atlas/internal/httpapi/handlers.go:486.2,487.1 3 1
github.com/cuihairu/atlas/internal/httpapi/handlers.go:488.2,489.16 3 1
github.com/cuihairu/atlas/internal/httpapi/handlers.go:490.3,492.1 2 0
github.com/cuihairu/atlas/internal/httpapi/handlers.go:494.2,496.1 2 1
github.com/cuihairu/atlas/internal/httpapi/handlers.go:497.2,497.22 2 1
github.com/cuihairu/atlas/internal/httpapi/handlers.go:498.3,499.1 1 1
github.com/cuihairu/atlas/internal/httpapi/handlers.go:501.2,501.35 1 1
github.com/cuihairu/atlas/internal/httpapi/handlers.go:505.2,507.16 3 1
github.com/cuihairu/atlas/internal/httpapi/handlers.go:508.3,510.1 2 1
github.com/cuihairu/atlas/internal/httpapi/handlers.go:512.2,519.1 2 1
github.com/cuihairu/atlas/internal/httpapi/handlers.go:521.2,521.61 2 1
github.com/cuihairu/atlas/internal/httpapi/handlers.go:522.3,524.1 2 1
github.com/cuihairu/atlas/internal/httpapi/handlers.go:526.2,535.1 2 1
github.com/cuihairu/atlas/internal/httpapi/handlers.go:536.2,536.59 2 1
github.com/cuihairu/atlas/internal/httpapi/handlers.go:537.3,539.1 2 1
github.com/cuihairu/atlas/internal/httpapi/handlers.go:541.2,541.29 1 1
github.com/cuihairu/atlas/internal/httpapi/handlers.go:542.3,544.1 2 0
github.com/cuihairu/atlas/internal/httpapi/handlers.go:546.2,547.16 2 1
github.com/cuihairu/atlas/internal/httpapi/handlers.go:548.3,550.1 2 0
github.com/cuihairu/atlas/internal/httpapi/handlers.go:551.2,551.33 1 1
github.com/cuihairu/atlas/internal/httpapi/handlers.go:555.2,555.14 1 1
github.com/cuihairu/atlas/internal/httpapi/handlers.go:556.3,557.1 1 1
github.com/cuihairu/atlas/internal/httpapi/handlers.go:558.2,558.11 1 1
github.com/cuihairu/atlas/internal/httpapi/handlers.go:562.2,564.16 3 1
github.com/cuihairu/atlas/internal/httpapi/handlers.go:565.3,567.1 2 0
github.com/cuihairu/atlas/internal/httpapi/handlers.go:571.2,572.16 2 1
github.com/cuihairu/atlas/internal/httpapi/handlers.go:573.3,573.40 1 1
github.com/cuihairu/atlas/internal/httpapi/handlers.go:574.4,576.1 2 1
github.com/cuihairu/atlas/internal/httpapi/handlers.go:577.3,578.9 2 0
github.com/cuihairu/atlas/internal/httpapi/handlers.go:581.2,586.1 2 1
github.com/cuihairu/atlas/internal/httpapi/handlers.go:587.2,587.59 2 1
github.com/cuihairu/atlas/internal/httpapi/handlers.go:588.3,590.1 2 0
github.com/cuihairu/atlas/internal/httpapi/handlers.go:592.2,592.29 1 1
github.com/cuihairu/atlas/internal/httpapi/handlers.go:593.3,595.1 2 0
github.com/cuihairu/atlas/internal/httpapi/handlers.go:596.2,596.69 1 1
github.com/cuihairu/atlas/internal/httpapi/handlers.go:604.2,605.64 2 1
github.com/cuihairu/atlas/internal/httpapi/handlers.go:606.3,606.40 1 1
github.com/cuihairu/atlas/internal/httpapi/handlers.go:607.4,609.1 2 1
github.com/cuihairu/atlas/internal/httpapi/handlers.go:610.3,610.39 1 1
github.com/cuihairu/atlas/internal/httpapi/handlers.go:611.4,613.1 2 1
github.com/cuihairu/atlas/internal/httpapi/handlers.go:614.3,615.9 2 0
github.com/cuihairu/atlas/internal/httpapi/handlers.go:617.2,620.4 1 1
github.com/cuihairu/atlas/internal/httpapi/handlers.go:624.2,625.58 2 1
github.com/cuihairu/atlas/internal/httpapi/handlers.go:626.3,626.40 1 1
github.com/cuihairu/atlas/internal/httpapi/handlers.go:627.4,629.1 2 1
github.com/cuihairu/atlas/internal/httpapi/handlers.go:630.3,630.39 1 1
github.com/cuihairu/atlas/internal/httpapi/handlers.go:631.4,633.1 2 1
github.com/cuihairu/atlas/internal/httpapi/handlers.go:634.3,635.9 2 0
github.com/cuihairu/atlas/internal/httpapi/handlers.go:637.2,640.4 1 1
github.com/cuihairu/atlas/internal/httpapi/handlers.go:644.2,645.56 2 1
github.com/cuihairu/atlas/internal/httpapi/handlers.go:646.3,646.40 1 1
github.com/cuihairu/atlas/internal/httpapi/handlers.go:647.4,649.1 2 1
github.com/cuihairu/atlas/internal/httpapi/handlers.go:650.3,650.39 1 1
github.com/cuihairu/atlas/internal/httpapi/handlers.go:651.4,653.1 2 1
github.com/cuihairu/atlas/internal/httpapi/handlers.go:654.3,655.9 2 0
github.com/cuihairu/atlas/internal/httpapi/handlers.go:657.2,660.4 1 1
github.com/cuihairu/atlas/internal/httpapi/handlers.go:664.2,665.57 2 1
github.com/cuihairu/atlas/internal/httpapi/handlers.go:666.3,666.40 1 1
github.com/cuihairu/atlas/internal/httpapi/handlers.go:667.4,669.1 2 1
github.com/cuihairu/atlas/internal/httpapi/handlers.go:670.3,671.9 2 0
github.com/cuihairu/atlas/internal/httpapi/handlers.go:673.2,676.4 1 1
github.com/cuihairu/atlas/internal/httpapi/handlers.go:680.2,681.16 2 1
github.com/cuihairu/atlas/internal/httpapi/handlers.go:682.3,684.1 2 0
github.com/cuihairu/atlas/internal/httpapi/handlers.go:685.2,685.36 1 1
github.com/cuihairu/atlas/internal/httpapi/handlers.go:689.2,690.1 3 1
github.com/cuihairu/atlas/internal/httpapi/handlers.go:691.2,695.1 3 1
github.com/cuihairu/atlas/internal/httpapi/handlers.go:697.2,697.51 3 1
github.com/cuihairu/atlas/internal/httpapi/handlers.go:698.3,699.17 2 1
github.com/cuihairu/atlas/internal/httpapi/handlers.go:700.4,702.1 2 1
github.com/cuihairu/atlas/internal/httpapi/handlers.go:703.3,703.22 1 0
github.com/cuihairu/atlas/internal/httpapi/handlers.go:705.2,705.48 1 1
github.com/cuihairu/atlas/internal/httpapi/handlers.go:706.3,707.17 2 1
github.com/cuihairu/atlas/internal/httpapi/handlers.go:708.4,710.1 2 1
github.com/cuihairu/atlas/internal/httpapi/handlers.go:711.3,711.23 1 1
github.com/cuihairu/atlas/internal/httpapi/handlers.go:713.2,713.48 1 1
github.com/cuihairu/atlas/internal/httpapi/handlers.go:714.3,715.17 2 1
github.com/cuihairu/atlas/internal/httpapi/handlers.go:716.4,718.1 2 1
github.com/cuihairu/atlas/internal/httpapi/handlers.go:719.3,719.23 1 1
github.com/cuihairu/atlas/internal/httpapi/handlers.go:721.2,721.34 1 1
github.com/cuihairu/atlas/internal/httpapi/handlers.go:722.3,723.27 2 1
github.com/cuihairu/atlas/internal/httpapi/handlers.go:724.4,726.1 2 1
github.com/cuihairu/atlas/internal/httpapi/handlers.go:727.3,727.19 1 0
github.com/cuihairu/atlas/internal/httpapi/handlers.go:730.2,731.16 2 1
github.com/cuihairu/atlas/internal/httpapi/handlers.go:732.3,734.1 2 0
github.com/cuihairu/atlas/internal/httpapi/handlers.go:736.2,738.1 2 1
github.com/cuihairu/atlas/internal/httpapi/handlers.go:739.2,739.22 2 1
github.com/cuihairu/atlas/internal/httpapi/handlers.go:740.3,741.1 1 1
github.com/cuihairu/atlas/internal/httpapi/handlers.go:742.2,742.35 1 1
github.com/cuihairu/atlas/internal/httpapi/handlers.go:746.2,747.61 2 1
github.com/cuihairu/atlas/internal/httpapi/handlers.go:748.3,750.1 2 0
github.com/cuihairu/atlas/internal/httpapi/handlers.go:752.2,753.16 2 1
github.com/cuihairu/atlas/internal/httpapi/handlers.go:754.3,754.39 1 1
github.com/cuihairu/atlas/internal/httpapi/handlers.go:755.4,757.1 2 1
github.com/cuihairu/atlas/internal/httpapi/handlers.go:758.3,758.40 1 1
github.com/cuihairu/atlas/internal/httpapi/handlers.go:759.4,761.1 2 1
github.com/cuihairu/atlas/internal/httpapi/handlers.go:762.3,763.9 2 0
github.com/cuihairu/atlas/internal/httpapi/handlers.go:766.2,766.37 1 1
github.com/cuihairu/atlas/internal/httpapi/handlers.go:770.2,771.46 2 1
github.com/cuihairu/atlas/internal/httpapi/handlers.go:772.3,773.26 2 1
github.com/cuihairu/atlas/internal/httpapi/handlers.go:774.4,775.1 1 1
github.com/cuihairu/atlas/internal/httpapi/handlers.go:778.2,779.16 2 1
github.com/cuihairu/atlas/internal/httpapi/handlers.go:780.3,782.1 2 0
github.com/cuihairu/atlas/internal/httpapi/handlers.go:784.2,786.4 1 1
github.com/cuihairu/atlas/internal/httpapi/handlers.go:790.2,792.16 3 1
github.com/cuihairu/atlas/internal/httpapi/handlers.go:793.3,793.40 1 1
github.com/cuihairu/atlas/internal/httpapi/handlers.go:794.4,796.1 2 1
github.com/cuihairu/atlas/internal/httpapi/handlers.go:797.3,798.9 2 0
github.com/cuihairu/atlas/internal/httpapi/handlers.go:800.2,800.32 1 1
github.com/cuihairu/atlas/internal/httpapi/handlers.go:804.2,805.67 2 1
github.com/cuihairu/atlas/internal/httpapi/handlers.go:806.3,806.40 1 1
github.com/cuihairu/atlas/internal/httpapi/handlers.go:807.4,809.1 2 1
github.com/cuihairu/atlas/internal/httpapi/handlers.go:810.3,810.39 1 1
github.com/cuihairu/atlas/internal/httpapi/handlers.go:811.4,813.1 2 1
github.com/cuihairu/atlas/internal/httpapi/handlers.go:814.3,815.9 2 0
github.com/cuihairu/atlas/internal/httpapi/handlers.go:817.2,820.4 1 1
github.com/cuihairu/atlas/internal/httpapi/handlers.go:826.2,827.61 2 1
github.com/cuihairu/atlas/internal/httpapi/handlers.go:828.3,830.1 2 0
github.com/cuihairu/atlas/internal/httpapi/handlers.go:832.2,833.16 2 1
github.com/cuihairu/atlas/internal/httpapi/handlers.go:834.3,834.39 1 1
github.com/cuihairu/atlas/internal/httpapi/handlers.go:835.4,837.1 2 1
github.com/cuihairu/atlas/internal/httpapi/handlers.go:838.3,838.40 1 1
github.com/cuihairu/atlas/internal/httpapi/handlers.go:839.4,841.1 2 1
github.com/cuihairu/atlas/internal/httpapi/handlers.go:842.3,843.9 2 0
github.com/cuihairu/atlas/internal/httpapi/handlers.go:846.2,846.41 1 1
github.com/cuihairu/atlas/internal/httpapi/handlers.go:850.2,851.46 2 1
github.com/cuihairu/atlas/internal/httpapi/handlers.go:852.3,852.53 1 1
github.com/cuihairu/atlas/internal/httpapi/handlers.go:853.4,854.1 1 0
github.com/cuihairu/atlas/internal/httpapi/handlers.go:857.2,858.16 2 1
github.com/cuihairu/atlas/internal/httpapi/handlers.go:859.3,861.1 2 0
github.com/cuihairu/atlas/internal/httpapi/handlers.go:863.2,865.4 1 1
github.com/cuihairu/atlas/internal/httpapi/handlers.go:869.2,870.61 2 1
github.com/cuihairu/atlas/internal/httpapi/handlers.go:871.3,873.1 2 1
github.com/cuihairu/atlas/internal/httpapi/handlers.go:875.2,876.16 2 1
github.com/cuihairu/atlas/internal/httpapi/handlers.go:877.3,877.39 1 1
github.com/cuihairu/atlas/internal/httpapi/handlers.go:878.4,880.1 2 1
github.com/cuihairu/atlas/internal/httpapi/handlers.go:881.3,881.40 1 1
github.com/cuihairu/atlas/internal/httpapi/handlers.go:882.4,884.1 2 1
github.com/cuihairu/atlas/internal/httpapi/handlers.go:885.3,885.40 1 1
github.com/cuihairu/atlas/internal/httpapi/handlers.go:886.4,888.1 2 1
github.com/cuihairu/atlas/internal/httpapi/handlers.go:889.3,890.9 2 0
github.com/cuihairu/atlas/internal/httpapi/handlers.go:893.2,893.41 1 1
github.com/cuihairu/atlas/internal/httpapi/handlers.go:897.2,898.46 2 1
github.com/cuihairu/atlas/internal/httpapi/handlers.go:899.3,899.53 1 1
github.com/cuihairu/atlas/internal/httpapi/handlers.go:900.4,901.1 1 0
github.com/cuihairu/atlas/internal/httpapi/handlers.go:903.2,904.1 3 1
github.com/cuihairu/atlas/internal/httpapi/handlers.go:905.2,906.16 3 1
github.com/cuihairu/atlas/internal/httpapi/handlers.go:907.3,909.1 2 0
github.com/cuihairu/atlas/internal/httpapi/handlers.go:911.2,913.4 1 1
github.com/cuihairu/atlas/internal/httpapi/handlers.go:919.2,921.16 3 1
github.com/cuihairu/atlas/internal/httpapi/handlers.go:922.3,922.40 1 1
github.com/cuihairu/atlas/internal/httpapi/handlers.go:923.4,925.1 2 1
github.com/cuihairu/atlas/internal/httpapi/handlers.go:926.3,927.9 2 0
github.com/cuihairu/atlas/internal/httpapi/handlers.go:929.2,932.4 1 1
github.com/cuihairu/atlas/internal/httpapi/handlers.go:936.2,938.61 3 1
github.com/cuihairu/atlas/internal/httpapi/handlers.go:939.3,941.1 2 0
github.com/cuihairu/atlas/internal/httpapi/handlers.go:943.2,944.16 2 1
github.com/cuihairu/atlas/internal/httpapi/handlers.go:945.3,945.39 1 1
github.com/cuihairu/atlas/internal/httpapi/handlers.go:946.4,948.1 2 1
github.com/cuihairu/atlas/internal/httpapi/handlers.go:949.3,949.40 1 0
github.com/cuihairu/atlas/internal/httpapi/handlers.go:950.4,952.1 2 0
github.com/cuihairu/atlas/internal/httpapi/handlers.go:953.3,954.9 2 0
github.com/cuihairu/atlas/internal/httpapi/handlers.go:956.2,959.4 1 1
github.com/cuihairu/atlas/internal/httpapi/handlers.go:963.2,965.1 3 1
github.com/cuihairu/atlas/internal/httpapi/handlers.go:968.2,968.66 3 1
github.com/cuihairu/atlas/internal/httpapi/handlers.go:969.3,969.40 1 1
github.com/cuihairu/atlas/internal/httpapi/handlers.go:970.4,972.1 2 1
github.com/cuihairu/atlas/internal/httpapi/handlers.go:973.3,974.9 2 0
github.com/cuihairu/atlas/internal/httpapi/handlers.go:976.2,976.71 1 1
github.com/cuihairu/atlas/internal/httpapi/handlers.go:977.3,977.40 1 1
github.com/cuihairu/atlas/internal/httpapi/handlers.go:978.4,980.1 2 1
github.com/cuihairu/atlas/internal/httpapi/handlers.go:981.3,982.9 2 0
github.com/cuihairu/atlas/internal/httpapi/handlers.go:984.2,987.4 1 1
github.com/cuihairu/atlas/internal/httpapi/handlers.go:995.2,996.1 1 1
github.com/cuihairu/atlas/internal/httpapi/handlers.go:999.2,999.50 1 1
github.com/cuihairu/atlas/internal/httpapi/handlers.go:1000.3,1002.1 2 0
github.com/cuihairu/atlas/internal/httpapi/handlers.go:1003.2,1003.64 1 1
github.com/cuihairu/atlas/internal/httpapi/handlers.go:1020.2,1023.1 3 1
github.com/cuihairu/atlas/internal/httpapi/handlers.go:1026.2,1031.1 3 1
github.com/cuihairu/atlas/internal/httpapi/handlers.go:1038.2,1038.71 1 1
github.com/cuihairu/atlas/internal/httpapi/handlers.go:1039.3,1043.1 5 1
github.com/cuihairu/atlas/internal/httpapi/handlers.go:1044.3,1044.37 5 1
github.com/cuihairu/atlas/internal/httpapi/handlers.go:1045.4,1047.1 2 1
github.com/cuihairu/atlas/internal/httpapi/handlers.go:1049.3,1049.23 1 1
github.com/cuihairu/atlas/internal/httpapi/handlers.go:1056.2,1058.61 3 1
github.com/cuihairu/atlas/internal/httpapi/handlers.go:1059.3,1061.1 2 0
github.com/cuihairu/atlas/internal/httpapi/handlers.go:1063.2,1064.16 2 1
github.com/cuihairu/atlas/internal/httpapi/handlers.go:1065.3,1065.39 1 1
github.com/cuihairu/atlas/internal/httpapi/handlers.go:1066.4,1068.1 2 1
github.com/cuihairu/atlas/internal/httpapi/handlers.go:1069.3,1069.28 1 1
github.com/cuihairu/atlas/internal/httpapi/handlers.go:1070.4,1072.1 2 1
github.com/cuihairu/atlas/internal/httpapi/handlers.go:1073.3,1074.9 2 0
github.com/cuihairu/atlas/internal/httpapi/handlers.go:1077.2,1077.38 1 1
github.com/cuihairu/atlas/internal/httpapi/handlers.go:1081.2,1082.46 2 1
github.com/cuihairu/atlas/internal/httpapi/handlers.go:1083.3,1083.53 1 1
github.com/cuihairu/atlas/internal/httpapi/handlers.go:1084.4,1085.1 1 0
github.com/cuihairu/atlas/internal/httpapi/handlers.go:1088.2,1089.16 2 1
github.com/cuihairu/atlas/internal/httpapi/handlers.go:1090.3,1092.1 2 0
github.com/cuihairu/atlas/internal/httpapi/handlers.go:1094.2,1096.4 1 1
github.com/cuihairu/atlas/internal/httpapi/handlers.go:1100.2,1101.73 2 1
github.com/cuihairu/atlas/internal/httpapi/handlers.go:1102.3,1104.1 2 0
github.com/cuihairu/atlas/internal/httpapi/handlers.go:1105.2,1105.37 1 1
github.com/cuihairu/atlas/internal/httpapi/handlers.go:1109.2,1110.61 2 1
github.com/cuihairu/atlas/internal/httpapi/handlers.go:1111.3,1113.1 2 1
github.com/cuihairu/atlas/internal/httpapi/handlers.go:1115.2,1116.16 2 1
github.com/cuihairu/atlas/internal/httpapi/handlers.go:1117.3,1117.39 1 1
github.com/cuihairu/atlas/internal/httpapi/handlers.go:1118.4,1120.1 2 1
github.com/cuihairu/atlas/internal/httpapi/handlers.go:1121.3,1121.28 1 1
github.com/cuihairu/atlas/internal/httpapi/handlers.go:1122.4,1124.1 2 1
github.com/cuihairu/atlas/internal/httpapi/handlers.go:1125.3,1126.9 2 0
github.com/cuihairu/atlas/internal/httpapi/handlers.go:1129.2,1129.37 1 1
github.com/cuihairu/atlas/internal/httpapi/handlers.go:1133.2,1134.46 2 1
github.com/cuihairu/atlas/internal/httpapi/handlers.go:1135.3,1135.53 1 0
github.com/cuihairu/atlas/internal/httpapi/handlers.go:1136.4,1137.1 1 0
github.com/cuihairu/atlas/internal/httpapi/handlers.go:1139.2,1143.1 3 1
github.com/cuihairu/atlas/internal/httpapi/handlers.go:1145.2,1146.16 3 1
github.com/cuihairu/atlas/internal/httpapi/handlers.go:1147.3,1149.1 2 0
github.com/cuihairu/atlas/internal/httpapi/handlers.go:1151.2,1153.4 1 1
github.com/cuihairu/atlas/internal/httpapi/handlers.go:1157.2,1158.68 2 1
github.com/cuihairu/atlas/internal/httpapi/handlers.go:1159.3,1161.1 2 0
github.com/cuihairu/atlas/internal/httpapi/handlers.go:1162.2,1162.37 1 1
github.com/cuihairu/atlas/internal/httpapi/handlers.go:1168.2,1169.46 2 1
github.com/cuihairu/atlas/internal/httpapi/handlers.go:1170.3,1170.53 1 0
github.com/cuihairu/atlas/internal/httpapi/handlers.go:1171.4,1172.1 1 0
github.com/cuihairu/atlas/internal/httpapi/handlers.go:1174.2,1178.1 3 1
github.com/cuihairu/atlas/internal/httpapi/handlers.go:1180.2,1181.16 3 1
github.com/cuihairu/atlas/internal/httpapi/handlers.go:1182.3,1184.1 2 0
github.com/cuihairu/atlas/internal/httpapi/handlers.go:1186.2,1188.4 1 1
github.com/cuihairu/atlas/internal/httpapi/ratelimit.go:48.2,49.34 2 1
github.com/cuihairu/atlas/internal/httpapi/ratelimit.go:50.3,51.1 1 1
github.com/cuihairu/atlas/internal/httpapi/ratelimit.go:53.2,53.34 1 1
github.com/cuihairu/atlas/internal/httpapi/ratelimit.go:54.3,54.75 1 1
github.com/cuihairu/atlas/internal/httpapi/ratelimit.go:55.4,56.1 1 1
github.com/cuihairu/atlas/internal/httpapi/ratelimit.go:58.2,58.20 1 1
github.com/cuihairu/atlas/internal/httpapi/ratelimit.go:59.3,60.1 1 0
github.com/cuihairu/atlas/internal/httpapi/ratelimit.go:61.2,67.1 1 1
github.com/cuihairu/atlas/internal/httpapi/ratelimit.go:72.2,72.71 1 1
github.com/cuihairu/atlas/internal/httpapi/ratelimit.go:73.3,73.42 1 1
github.com/cuihairu/atlas/internal/httpapi/ratelimit.go:74.4,78.1 3 1
github.com/cuihairu/atlas/internal/httpapi/ratelimit.go:79.3,79.23 1 1
github.com/cuihairu/atlas/internal/httpapi/ratelimit.go:86.2,87.30 2 1
github.com/cuihairu/atlas/internal/httpapi/ratelimit.go:88.3,88.41 1 1
github.com/cuihairu/atlas/internal/httpapi/ratelimit.go:89.4,90.9 2 1
github.com/cuihairu/atlas/internal/httpapi/ratelimit.go:93.2,93.19 1 1
github.com/cuihairu/atlas/internal/httpapi/ratelimit.go:94.3,95.1 1 1
github.com/cuihairu/atlas/internal/httpapi/ratelimit.go:97.2,99.1 6 1
github.com/cuihairu/atlas/internal/httpapi/ratelimit.go:100.2,102.1 6 1
github.com/cuihairu/atlas/internal/httpapi/ratelimit.go:103.2,104.9 6 1
github.com/cuihairu/atlas/internal/httpapi/ratelimit.go:105.3,105.39 1 1
github.com/cuihairu/atlas/internal/httpapi/ratelimit.go:108.4,109.1 1 0
github.com/cuihairu/atlas/internal/httpapi/ratelimit.go:110.3,111.22 2 1
github.com/cuihairu/atlas/internal/httpapi/ratelimit.go:115.2,118.1 4 1
github.com/cuihairu/atlas/internal/httpapi/ratelimit.go:119.2,119.18 4 1
github.com/cuihairu/atlas/internal/httpapi/ratelimit.go:120.3,121.1 1 1
github.com/cuihairu/atlas/internal/httpapi/ratelimit.go:122.2,123.13 2 1
github.com/cuihairu/atlas/internal/httpapi/ratelimit.go:130.2,130.27 1 1
github.com/cuihairu/atlas/internal/httpapi/ratelimit.go:131.3,131.41 1 1
github.com/cuihairu/atlas/internal/httpapi/ratelimit.go:132.4,133.1 1 1
github.com/cuihairu/atlas/internal/httpapi/ratelimit.go:135.2,135.22 1 1
github.com/cuihairu/atlas/internal/httpapi/ratelimit.go:145.2,146.47 2 1
github.com/cuihairu/atlas/internal/httpapi/ratelimit.go:147.3,148.17 2 1
github.com/cuihairu/atlas/internal/httpapi/ratelimit.go:149.4,149.12 1 0
github.com/cuihairu/atlas/internal/httpapi/ratelimit.go:151.3,154.43 4 1
github.com/cuihairu/atlas/internal/httpapi/ratelimit.go:155.4,156.1 1 1
github.com/cuihairu/atlas/internal/httpapi/ratelimit.go:157.3,159.28 3 1
github.com/cuihairu/atlas/internal/httpapi/ratelimit.go:160.4,161.1 1 1
github.com/cuihairu/atlas/internal/httpapi/ratelimit.go:162.3,163.15 2 1
github.com/cuihairu/atlas/internal/httpapi/ratelimit.go:164.4,165.32 2 1
github.com/cuihairu/atlas/internal/httpapi/ratelimit.go:166.5,167.1 1 0
github.com/cuihairu/atlas/internal/httpapi/ratelimit.go:169.3,169.51 1 1
github.com/cuihairu/atlas/internal/httpapi/ratelimit.go:171.2,171.19 1 1
github.com/cuihairu/atlas/internal/httpapi/ratelimit.go:176.2,177.16 2 1
github.com/cuihairu/atlas/internal/httpapi/ratelimit.go:178.3,179.1 1 0
github.com/cuihairu/atlas/internal/httpapi/ratelimit.go:180.2,180.30 1 1
github.com/cuihairu/atlas/internal/httpapi/registry_auth.go:27.2,29.1 3 1
github.com/cuihairu/atlas/internal/httpapi/registry_auth.go:30.2,30.46 3 1
github.com/cuihairu/atlas/internal/httpapi/registry_auth.go:31.3,31.72 1 1
github.com/cuihairu/atlas/internal/httpapi/registry_auth.go:33.4,33.14 1 1
github.com/cuihairu/atlas/internal/httpapi/registry_auth.go:34.5,35.46 2 0
github.com/cuihairu/atlas/internal/httpapi/registry_auth.go:36.6,43.1 3 0
github.com/cuihairu/atlas/internal/httpapi/registry_auth.go:47.4,47.17 1 1
github.com/cuihairu/atlas/internal/httpapi/registry_auth.go:48.5,49.20 2 1
github.com/cuihairu/atlas/internal/httpapi/registry_auth.go:52.6,53.1 1 1
github.com/cuihairu/atlas/internal/httpapi/registry_auth.go:54.5,54.20 1 1
github.com/cuihairu/atlas/internal/httpapi/registry_auth.go:55.6,58.1 2 1
github.com/cuihairu/atlas/internal/httpapi/registry_auth.go:59.5,59.40 1 1
github.com/cuihairu/atlas/internal/httpapi/registry_auth.go:60.6,66.1 3 1
github.com/cuihairu/atlas/internal/httpapi/registry_auth.go:69.4,69.24 1 1
github.com/cuihairu/atlas/internal/metrics/metrics.go:43.2,44.1 4 1
github.com/cuihairu/atlas/internal/metrics/metrics.go:45.2,64.1 4 1
github.com/cuihairu/atlas/internal/metrics/metrics.go:66.2,74.1 4 1
github.com/cuihairu/atlas/internal/metrics/metrics.go:78.2,79.1 1 1
github.com/cuihairu/atlas/internal/metrics/metrics.go:83.2,83.14 1 1
github.com/cuihairu/atlas/internal/metrics/metrics.go:84.3,85.1 1 1
github.com/cuihairu/atlas/internal/metrics/metrics.go:90.2,90.14 1 1
github.com/cuihairu/atlas/internal/metrics/metrics.go:91.3,92.1 1 1
github.com/cuihairu/atlas/internal/metrics/metrics.go:97.2,97.14 1 1
github.com/cuihairu/atlas/internal/metrics/metrics.go:98.3,99.1 1 1
github.com/cuihairu/atlas/internal/metrics/metrics.go:104.2,105.27 2 1
github.com/cuihairu/atlas/internal/metrics/metrics.go:106.3,106.14 1 1
github.com/cuihairu/atlas/internal/metrics/metrics.go:107.4,108.1 1 1
github.com/cuihairu/atlas/internal/metrics/metrics.go:110.2,116.21 7 1
github.com/cuihairu/atlas/internal/metrics/metrics.go:117.3,118.1 1 1
github.com/cuihairu/atlas/internal/metrics/metrics.go:119.2,120.33 2 1
github.com/cuihairu/atlas/internal/metrics/metrics.go:126.2,126.46 1 1
github.com/cuihairu/atlas/internal/metrics/metrics.go:127.3,127.72 1 1
github.com/cuihairu/atlas/internal/metrics/metrics.go:128.4,131.22 4 1
github.com/cuihairu/atlas/internal/metrics/metrics.go:132.5,133.1 1 1
github.com/cuihairu/atlas/internal/metrics/metrics.go:134.4,134.69 1 1
github.com/cuihairu/atlas/internal/metrics/metrics.go:147.2,147.14 1 1
github.com/cuihairu/atlas/internal/metrics/metrics.go:148.3,150.1 2 1
github.com/cuihairu/atlas/internal/metrics/metrics.go:151.2,151.36 1 1
github.com/cuihairu/atlas/internal/metrics/metrics.go:164.2,176.1 1 1
github.com/cuihairu/atlas/internal/metrics/metrics.go:180.2,182.1 2 1
github.com/cuihairu/atlas/internal/metrics/metrics.go:185.2,186.16 2 1
github.com/cuihairu/atlas/internal/metrics/metrics.go:187.3,190.1 3 0
github.com/cuihairu/atlas/internal/metrics/metrics.go:191.2,191.47 1 1
github.com/cuihairu/atlas/internal/metrics/metrics.go:192.3,193.1 1 1
github.com/cuihairu/atlas/internal/metrics/metrics.go:194.2,194.111 1 1
github.com/cuihairu/atlas/internal/model/model.go:53.2,53.11 1 1
github.com/cuihairu/atlas/internal/model/model.go:56.3,56.14 1 1
github.com/cuihairu/atlas/internal/model/model.go:58.2,58.14 1 1
github.com/cuihairu/atlas/internal/model/model.go:68.2,68.11 1 1
github.com/cuihairu/atlas/internal/model/model.go:70.3,70.14 1 1
github.com/cuihairu/atlas/internal/model/model.go:72.2,72.14 1 1
github.com/cuihairu/atlas/internal/model/model.go:77.2,78.1 1 1
github.com/cuihairu/atlas/internal/model/model.go:83.2,83.11 1 1
github.com/cuihairu/atlas/internal/model/model.go:85.3,85.14 1 1
github.com/cuihairu/atlas/internal/model/model.go:87.2,87.14 1 1
github.com/cuihairu/atlas/internal/model/model.go:91.41,91.59 1 1
github.com/cuihairu/atlas/internal/model/model.go:101.2,102.1 1 0
github.com/cuihairu/atlas/internal/model/model.go:162.2,162.19 1 1
github.com/cuihairu/atlas/internal/model/model.go:163.3,164.1 1 1
github.com/cuihairu/atlas/internal/model/model.go:165.2,165.30 1 1
github.com/cuihairu/atlas/internal/model/model.go:166.3,167.1 1 1
github.com/cuihairu/atlas/internal/model/model.go:168.2,168.41 1 1
github.com/cuihairu/atlas/internal/model/model.go:169.3,170.1 1 1
github.com/cuihairu/atlas/internal/model/model.go:171.2,171.12 1 1
github.com/cuihairu/atlas/internal/model/model.go:184.2,184.35 1 1
github.com/cuihairu/atlas/internal/model/model.go:185.3,186.1 1 1
github.com/cuihairu/atlas/internal/model/model.go:187.2,187.39 1 1
github.com/cuihairu/atlas/internal/model/model.go:188.3,189.1 1 1
github.com/cuihairu/atlas/internal/model/model.go:190.2,190.46 1 1
github.com/cuihairu/atlas/internal/model/model.go:191.3,192.1 1 1
github.com/cuihairu/atlas/internal/model/model.go:193.2,193.53 1 1
github.com/cuihairu/atlas/internal/model/model.go:194.3,195.1 1 1
github.com/cuihairu/atlas/internal/model/model.go:196.2,196.20 1 1
github.com/cuihairu/atlas/internal/model/model.go:197.3,198.1 1 1
github.com/cuihairu/atlas/internal/model/model.go:199.2,199.41 1 1
github.com/cuihairu/atlas/internal/model/model.go:200.3,201.1 1 1
github.com/cuihairu/atlas/internal/model/model.go:202.2,202.12 1 1
github.com/cuihairu/atlas/internal/model/model.go:208.2,209.1 1 1
github.com/cuihairu/atlas/internal/model/model.go:252.2,252.11 1 0
github.com/cuihairu/atlas/internal/model/model.go:255.3,255.14 1 0
github.com/cuihairu/atlas/internal/model/model.go:257.2,257.14 1 0
github.com/cuihairu/atlas/internal/model/model.go:261.44,261.62 1 1
github.com/cuihairu/atlas/internal/model/model.go:327.2,327.35 1 1
github.com/cuihairu/atlas/internal/model/model.go:328.3,329.1 1 1
github.com/cuihairu/atlas/internal/model/model.go:330.2,330.41 1 1
github.com/cuihairu/atlas/internal/model/model.go:331.3,332.1 1 1
github.com/cuihairu/atlas/internal/model/model.go:333.2,333.32 1 1
github.com/cuihairu/atlas/internal/model/model.go:334.3,335.1 1 1
github.com/cuihairu/atlas/internal/model/model.go:336.2,336.12 1 1
github.com/cuihairu/atlas/internal/model/model.go:341.2,342.1 1 1
github.com/cuihairu/atlas/internal/model/model.go:368.2,368.13 1 1
github.com/cuihairu/atlas/internal/model/model.go:370.3,370.14 1 1
github.com/cuihairu/atlas/internal/model/model.go:372.2,372.14 1 1
github.com/cuihairu/atlas/internal/model/model.go:377.2,377.35 1 1
github.com/cuihairu/atlas/internal/model/model.go:378.3,379.1 1 1
github.com/cuihairu/atlas/internal/model/model.go:380.2,380.38 1 1
github.com/cuihairu/atlas/internal/model/model.go:381.3,382.1 1 1
github.com/cuihairu/atlas/internal/model/model.go:383.2,383.38 1 1
github.com/cuihairu/atlas/internal/model/model.go:384.3,385.1 1 1
github.com/cuihairu/atlas/internal/model/model.go:386.2,386.34 1 1
github.com/cuihairu/atlas/internal/model/model.go:387.3,388.1 1 1
github.com/cuihairu/atlas/internal/model/model.go:389.2,389.12 1 1
github.com/cuihairu/atlas/internal/model/model.go:394.2,395.1 1 1
github.com/cuihairu/atlas/internal/model/tags.go:39.2,39.32 1 1
github.com/cuihairu/atlas/internal/model/tags.go:40.3,40.13 1 1
github.com/cuihairu/atlas/internal/model/tags.go:41.4,42.1 1 1
github.com/cuihairu/atlas/internal/model/tags.go:44.2,44.14 1 1
github.com/cuihairu/atlas/internal/model/tags.go:91.2,93.1 2 1
github.com/cuihairu/atlas/internal/model/tags.go:101.2,103.31 3 1
github.com/cuihairu/atlas/internal/model/tags.go:104.3,105.1 1 1
github.com/cuihairu/atlas/internal/model/tags.go:106.2,106.18 1 1
github.com/cuihairu/atlas/internal/model/tags.go:107.3,107.15 1 1
github.com/cuihairu/atlas/internal/model/tags.go:108.4,109.1 1 1
github.com/cuihairu/atlas/internal/model/tags.go:110.4,111.1 1 1
github.com/cuihairu/atlas/internal/model/tags.go:113.2,113.19 1 1
github.com/cuihairu/atlas/internal/model/tags.go:114.3,115.1 1 1
github.com/cuihairu/atlas/internal/model/tags.go:115.9,115.21 1 1
github.com/cuihairu/atlas/internal/model/tags.go:116.3,117.1 1 1
github.com/cuihairu/atlas/internal/model/tags.go:118.2,118.10 1 1
github.com/cuihairu/atlas/internal/model/tags.go:125.2,126.25 2 1
github.com/cuihairu/atlas/internal/model/tags.go:127.3,127.37 1 1
github.com/cuihairu/atlas/internal/model/tags.go:128.4,129.1 1 1
github.com/cuihairu/atlas/internal/model/tags.go:130.3,130.39 1 1
github.com/cuihairu/atlas/internal/model/tags.go:131.4,132.1 1 1
github.com/cuihairu/atlas/internal/model/tags.go:133.3,133.22 1 1
github.com/cuihairu/atlas/internal/model/tags.go:134.4,135.1 1 1
github.com/cuihairu/atlas/internal/model/tags.go:136.3,136.34 1 1
github.com/cuihairu/atlas/internal/model/tags.go:137.4,138.1 1 1
github.com/cuihairu/atlas/internal/model/tags.go:139.3,139.28 1 1
github.com/cuihairu/atlas/internal/model/tags.go:141.2,141.12 1 1
github.com/cuihairu/atlas/internal/model/tags.go:146.2,146.25 1 1
github.com/cuihairu/atlas/internal/model/tags.go:147.3,147.21 1 1
github.com/cuihairu/atlas/internal/model/tags.go:148.4,149.1 1 1
github.com/cuihairu/atlas/internal/model/tags.go:151.2,151.14 1 1
github.com/cuihairu/atlas/internal/model/tags.go:166.2,166.35 1 1
github.com/cuihairu/atlas/internal/model/tags.go:167.3,169.1 1 1
github.com/cuihairu/atlas/internal/model/tags.go:170.2,170.23 1 1
github.com/cuihairu/atlas/internal/model/tags.go:171.3,171.15 1 1
github.com/cuihairu/atlas/internal/model/tags.go:172.4,173.1 1 1
github.com/cuihairu/atlas/internal/model/tags.go:174.3,175.67 1 1
github.com/cuihairu/atlas/internal/model/tags.go:177.2,177.15 1 1
github.com/cuihairu/atlas/internal/model/tags.go:184.2,185.1 1 1
github.com/cuihairu/atlas/internal/model/tags.go:191.2,192.25 2 1
github.com/cuihairu/atlas/internal/model/tags.go:193.3,193.15 1 1
github.com/cuihairu/atlas/internal/model/tags.go:194.4,195.1 1 1
github.com/cuihairu/atlas/internal/model/tags.go:197.2,197.12 1 1
github.com/cuihairu/atlas/internal/registry/registry.go:51.2,55.1 1 1
github.com/cuihairu/atlas/internal/registry/registry.go:70.2,72.1 2 1
github.com/cuihairu/atlas/internal/registry/registry.go:94.2,95.16 2 1
github.com/cuihairu/atlas/internal/registry/registry.go:96.3,96.40 1 1
github.com/cuihairu/atlas/internal/registry/registry.go:97.4,98.1 1 1
github.com/cuihairu/atlas/internal/registry/registry.go:99.3,99.91 1 0
github.com/cuihairu/atlas/internal/registry/registry.go:101.2,106.8 2 1
github.com/cuihairu/atlas/internal/registry/registry.go:112.2,113.26 2 1
github.com/cuihairu/atlas/internal/registry/registry.go:114.3,115.1 1 1
github.com/cuihairu/atlas/internal/registry/registry.go:116.2,129.1 2 1
github.com/cuihairu/atlas/internal/registry/registry.go:131.2,131.39 2 1
github.com/cuihairu/atlas/internal/registry/registry.go:132.3,133.1 1 1
github.com/cuihairu/atlas/internal/registry/registry.go:139.2,139.67 1 1
github.com/cuihairu/atlas/internal/registry/registry.go:140.3,140.34 1 1
github.com/cuihairu/atlas/internal/registry/registry.go:141.4,142.1 1 1
github.com/cuihairu/atlas/internal/registry/registry.go:143.9,143.47 1 1
github.com/cuihairu/atlas/internal/registry/registry.go:144.3,145.1 1 0
github.com/cuihairu/atlas/internal/registry/registry.go:147.2,147.59 1 1
github.com/cuihairu/atlas/internal/registry/registry.go:148.3,149.1 1 0
github.com/cuihairu/atlas/internal/registry/registry.go:152.2,156.1 2 1
github.com/cuihairu/atlas/internal/registry/registry.go:157.2,157.67 2 1
github.com/cuihairu/atlas/internal/registry/registry.go:158.3,159.1 1 0
github.com/cuihairu/atlas/internal/registry/registry.go:161.2,162.17 2 1
github.com/cuihairu/atlas/internal/registry/registry.go:170.2,170.38 1 1
github.com/cuihairu/atlas/internal/registry/registry.go:171.3,172.1 1 1
github.com/cuihairu/atlas/internal/registry/registry.go:175.2,176.16 2 1
github.com/cuihairu/atlas/internal/registry/registry.go:177.3,178.1 1 1
github.com/cuihairu/atlas/internal/registry/registry.go:181.2,182.18 2 1
github.com/cuihairu/atlas/internal/registry/registry.go:183.3,184.1 1 1
github.com/cuihairu/atlas/internal/registry/registry.go:186.2,190.1 2 1
github.com/cuihairu/atlas/internal/registry/registry.go:191.2,191.76 2 1
github.com/cuihairu/atlas/internal/registry/registry.go:192.3,193.1 1 0
github.com/cuihairu/atlas/internal/registry/registry.go:196.2,196.40 1 1
github.com/cuihairu/atlas/internal/registry/registry.go:197.3,197.89 1 1
github.com/cuihairu/atlas/internal/registry/registry.go:198.4,199.1 1 0
github.com/cuihairu/atlas/internal/registry/registry.go:200.3,201.33 2 1
github.com/cuihairu/atlas/internal/registry/registry.go:209.2,209.104 1 1
github.com/cuihairu/atlas/internal/registry/registry.go:210.3,210.89 1 1
github.com/cuihairu/atlas/internal/registry/registry.go:211.4,212.1 1 0
github.com/cuihairu/atlas/internal/registry/registry.go:213.3,214.33 2 1
github.com/cuihairu/atlas/internal/registry/registry.go:217.2,217.24 1 1
github.com/cuihairu/atlas/internal/registry/registry.go:223.2,223.62 1 1
github.com/cuihairu/atlas/internal/registry/registry.go:224.3,225.1 1 1
github.com/cuihairu/atlas/internal/registry/registry.go:227.2,227.89 1 1
github.com/cuihairu/atlas/internal/registry/registry.go:228.3,229.1 1 0
github.com/cuihairu/atlas/internal/registry/registry.go:232.2,232.63 1 1
github.com/cuihairu/atlas/internal/registry/registry.go:233.3,234.1 1 0
github.com/cuihairu/atlas/internal/registry/registry.go:236.2,237.12 2 1
github.com/cuihairu/atlas/internal/routing/service.go:47.2,48.1 1 1
github.com/cuihairu/atlas/internal/routing/service.go:57.2,57.22 1 1
github.com/cuihairu/atlas/internal/routing/service.go:58.3,59.1 1 1
github.com/cuihairu/atlas/internal/routing/service.go:61.2,62.16 2 1
github.com/cuihairu/atlas/internal/routing/service.go:63.3,64.1 1 0
github.com/cuihairu/atlas/internal/routing/service.go:65.2,66.13 2 1
github.com/cuihairu/atlas/internal/routing/service.go:67.3,68.17 2 1
github.com/cuihairu/atlas/internal/routing/service.go:69.4,70.1 1 0
github.com/cuihairu/atlas/internal/routing/service.go:71.3,71.27 1 1
github.com/cuihairu/atlas/internal/routing/service.go:72.4,73.1 1 1
github.com/cuihairu/atlas/internal/routing/service.go:77.2,77.33 1 1
github.com/cuihairu/atlas/internal/routing/service.go:78.3,78.63 1 1
github.com/cuihairu/atlas/internal/routing/service.go:79.4,81.1 2 1
github.com/cuihairu/atlas/internal/routing/service.go:84.2,86.1 4 1
github.com/cuihairu/atlas/internal/routing/service.go:87.2,88.68 4 1
github.com/cuihairu/atlas/internal/routing/service.go:93.2,99.16 2 1
github.com/cuihairu/atlas/internal/routing/service.go:100.3,101.1 1 0
github.com/cuihairu/atlas/internal/routing/service.go:102.2,102.21 1 1
github.com/cuihairu/atlas/internal/routing/service.go:108.2,108.43 1 1
github.com/cuihairu/atlas/internal/routing/service.go:109.3,110.1 1 1
github.com/cuihairu/atlas/internal/routing/service.go:111.2,112.16 2 1
github.com/cuihairu/atlas/internal/routing/service.go:113.3,114.1 1 0
github.com/cuihairu/atlas/internal/routing/service.go:115.2,116.27 2 1
github.com/cuihairu/atlas/internal/routing/service.go:117.3,118.1 1 1
github.com/cuihairu/atlas/internal/routing/service.go:119.2,119.14 1 1
github.com/cuihairu/atlas/internal/routing/service.go:124.2,124.51 1 1
github.com/cuihairu/atlas/internal/routing/service.go:125.3,126.1 2 1
github.com/cuihairu/atlas/internal/routing/service.go:128.3,128.69 2 1
github.com/cuihairu/atlas/internal/routing/service.go:129.4,130.1 1 1
github.com/cuihairu/atlas/internal/routing/service.go:133.3,133.23 1 1
github.com/cuihairu/atlas/internal/routing/service.go:134.4,135.1 1 1
github.com/cuihairu/atlas/internal/routing/service.go:138.3,138.53 1 1
github.com/cuihairu/atlas/internal/routing/service.go:139.4,140.1 1 1
github.com/cuihairu/atlas/internal/routing/service.go:143.3,143.21 1 0
github.com/cuihairu/atlas/internal/routing/service.go:149.2,150.1 1 1
github.com/cuihairu/atlas/internal/routing/service.go:154.2,154.22 1 1
github.com/cuihairu/atlas/internal/routing/service.go:155.3,156.1 1 1
github.com/cuihairu/atlas/internal/routing/service.go:157.2,157.13 1 1
github.com/cuihairu/atlas/internal/routing/service.go:158.3,159.1 1 1
github.com/cuihairu/atlas/internal/routing/service.go:162.2,164.33 3 1
github.com/cuihairu/atlas/internal/routing/service.go:165.3,165.26 1 1
github.com/cuihairu/atlas/internal/routing/service.go:166.4,167.1 1 1
github.com/cuihairu/atlas/internal/routing/service.go:169.2,169.21 1 1
github.com/cuihairu/atlas/internal/routing/service.go:170.3,171.1 1 1
github.com/cuihairu/atlas/internal/routing/service.go:174.2,176.33 3 1
github.com/cuihairu/atlas/internal/routing/service.go:177.3,177.26 1 1
github.com/cuihairu/atlas/internal/routing/service.go:178.4,178.12 1 0
github.com/cuihairu/atlas/internal/routing/service.go:180.3,180.26 1 1
github.com/cuihairu/atlas/internal/routing/service.go:181.4,181.12 1 1
github.com/cuihairu/atlas/internal/routing/service.go:183.3,183.38 1 1
github.com/cuihairu/atlas/internal/routing/service.go:184.4,185.9 2 0
github.com/cuihairu/atlas/internal/routing/service.go:188.2,188.12 1 1
github.com/cuihairu/atlas/internal/routing/service.go:189.3,190.1 1 1
github.com/cuihairu/atlas/internal/routing/service.go:191.2,191.25 1 0
github.com/cuihairu/atlas/internal/serversconfig/serversconfig.go:77.2,78.16 2 1
github.com/cuihairu/atlas/internal/serversconfig/serversconfig.go:79.3,80.1 1 1
github.com/cuihairu/atlas/internal/serversconfig/serversconfig.go:82.2,85.39 4 1
github.com/cuihairu/atlas/internal/serversconfig/serversconfig.go:86.3,87.1 1 1
github.com/cuihairu/atlas/internal/serversconfig/serversconfig.go:89.2,89.9 1 1
github.com/cuihairu/atlas/internal/serversconfig/serversconfig.go:91.3,91.106 1 1
github.com/cuihairu/atlas/internal/serversconfig/serversconfig.go:93.3,94.17 2 1
github.com/cuihairu/atlas/internal/serversconfig/serversconfig.go:95.4,96.1 1 1
github.com/cuihairu/atlas/internal/serversconfig/serversconfig.go:97.3,97.40 1 1
github.com/cuihairu/atlas/internal/serversconfig/serversconfig.go:98.4,99.1 1 0
github.com/cuihairu/atlas/internal/serversconfig/serversconfig.go:100.3,100.25 1 1
github.com/cuihairu/atlas/internal/serversconfig/serversconfig.go:102.3,102.28 1 1
github.com/cuihairu/atlas/internal/serversconfig/serversconfig.go:103.4,104.1 1 1
github.com/cuihairu/atlas/internal/serversconfig/serversconfig.go:105.3,106.40 2 1
github.com/cuihairu/atlas/internal/serversconfig/serversconfig.go:107.4,108.1 1 1
github.com/cuihairu/atlas/internal/serversconfig/serversconfig.go:109.3,109.23 1 1
github.com/cuihairu/atlas/internal/serversconfig/serversconfig.go:111.3,111.101 1 1
github.com/cuihairu/atlas/internal/serversconfig/serversconfig.go:118.2,119.28 2 1
github.com/cuihairu/atlas/internal/serversconfig/serversconfig.go:120.3,121.1 1 1
github.com/cuihairu/atlas/internal/serversconfig/serversconfig.go:122.2,123.1 3 1
github.com/cuihairu/atlas/internal/serversconfig/serversconfig.go:124.2,125.16 3 1
github.com/cuihairu/atlas/internal/serversconfig/serversconfig.go:126.3,127.1 1 1
github.com/cuihairu/atlas/internal/serversconfig/serversconfig.go:128.2,128.16 1 1
github.com/cuihairu/atlas/internal/serversconfig/serversconfig.go:129.3,129.41 1 1
github.com/cuihairu/atlas/internal/serversconfig/serversconfig.go:130.4,131.1 1 1
github.com/cuihairu/atlas/internal/serversconfig/serversconfig.go:133.2,133.16 1 1
github.com/cuihairu/atlas/internal/serversconfig/serversconfig.go:134.3,135.1 1 1
github.com/cuihairu/atlas/internal/serversconfig/serversconfig.go:136.2,137.9 2 1
github.com/cuihairu/atlas/internal/serversconfig/serversconfig.go:138.3,139.1 1 1
github.com/cuihairu/atlas/internal/serversconfig/serversconfig.go:140.2,140.25 1 1
github.com/cuihairu/atlas/internal/serversconfig/serversconfig.go:147.2,148.30 2 1
github.com/cuihairu/atlas/internal/serversconfig/serversconfig.go:149.3,149.32 1 1
github.com/cuihairu/atlas/internal/serversconfig/serversconfig.go:150.4,151.1 1 1
github.com/cuihairu/atlas/internal/serversconfig/serversconfig.go:152.3,153.1 3 1
github.com/cuihairu/atlas/internal/serversconfig/serversconfig.go:154.3,155.39 3 1
github.com/cuihairu/atlas/internal/serversconfig/serversconfig.go:156.4,157.1 1 1
github.com/cuihairu/atlas/internal/serversconfig/serversconfig.go:159.2,159.12 1 1
github.com/cuihairu/atlas/internal/serversconfig/serversconfig.go:165.2,180.1 3 1
github.com/cuihairu/atlas/internal/serversconfig/serversconfig.go:197.2,199.1 3 1
github.com/cuihairu/atlas/internal/serversconfig/serversconfig.go:200.2,200.27 3 1
github.com/cuihairu/atlas/internal/serversconfig/serversconfig.go:201.3,203.1 4 1
github.com/cuihairu/atlas/internal/serversconfig/serversconfig.go:204.3,205.10 4 1
github.com/cuihairu/atlas/internal/serversconfig/serversconfig.go:207.4,207.59 1 1
github.com/cuihairu/atlas/internal/serversconfig/serversconfig.go:208.5,209.1 1 1
github.com/cuihairu/atlas/internal/serversconfig/serversconfig.go:210.4,210.17 1 1
github.com/cuihairu/atlas/internal/serversconfig/serversconfig.go:212.4,212.79 1 1
github.com/cuihairu/atlas/internal/serversconfig/serversconfig.go:217.4,219.59 3 1
github.com/cuihairu/atlas/internal/serversconfig/serversconfig.go:220.5,221.1 1 0
github.com/cuihairu/atlas/internal/serversconfig/serversconfig.go:222.4,222.17 1 1
github.com/cuihairu/atlas/internal/serversconfig/serversconfig.go:229.2,230.6 2 1
github.com/cuihairu/atlas/internal/serversconfig/serversconfig.go:231.3,232.17 2 1
github.com/cuihairu/atlas/internal/serversconfig/serversconfig.go:233.4,234.1 1 1
github.com/cuihairu/atlas/internal/serversconfig/serversconfig.go:235.3,235.28 1 1
github.com/cuihairu/atlas/internal/serversconfig/serversconfig.go:236.4,236.50 1 1
github.com/cuihairu/atlas/internal/serversconfig/serversconfig.go:237.5,237.13 1 1
github.com/cuihairu/atlas/internal/serversconfig/serversconfig.go:239.4,240.59 2 1
github.com/cuihairu/atlas/internal/serversconfig/serversconfig.go:241.5,242.1 1 0
github.com/cuihairu/atlas/internal/serversconfig/serversconfig.go:243.4,243.18 1 1
github.com/cuihairu/atlas/internal/serversconfig/serversconfig.go:245.3,245.22 1 1
github.com/cuihairu/atlas/internal/serversconfig/serversconfig.go:246.4,246.9 1 1
github.com/cuihairu/atlas/internal/serversconfig/serversconfig.go:248.3,248.32 1 1
github.com/cuihairu/atlas/internal/serversconfig/serversconfig.go:251.2,251.17 1 1
github.com/cuihairu/atlas/internal/store/sharding.go:27.2,27.20 1 1
github.com/cuihairu/atlas/internal/store/sharding.go:28.3,29.1 1 1
github.com/cuihairu/atlas/internal/store/sharding.go:30.2,32.43 3 1
github.com/cuihairu/atlas/internal/store/store.go:247.2,248.1 1 1
github.com/cuihairu/atlas/internal/store/memory/memory.go:38.2,47.1 1 1
github.com/cuihairu/atlas/internal/store/memory/memory.go:52.2,53.1 1 1
github.com/cuihairu/atlas/internal/store/memory/memory.go:57.2,58.1 1 1
github.com/cuihairu/atlas/internal/store/memory/memory.go:65.2,67.1 4 1
github.com/cuihairu/atlas/internal/store/memory/memory.go:68.2,69.43 4 1
github.com/cuihairu/atlas/internal/store/memory/memory.go:71.3,82.1 12 1
github.com/cuihairu/atlas/internal/store/memory/memory.go:85.3,85.87 12 1
github.com/cuihairu/atlas/internal/store/memory/memory.go:86.4,87.1 1 1
github.com/cuihairu/atlas/internal/store/memory/memory.go:88.3,89.1 3 1
github.com/cuihairu/atlas/internal/store/memory/memory.go:90.3,91.13 3 1
github.com/cuihairu/atlas/internal/store/memory/memory.go:94.2,94.22 1 1
github.com/cuihairu/atlas/internal/store/memory/memory.go:95.3,96.1 1 1
github.com/cuihairu/atlas/internal/store/memory/memory.go:97.2,99.1 5 1
github.com/cuihairu/atlas/internal/store/memory/memory.go:101.2,103.12 5 1
github.com/cuihairu/atlas/internal/store/memory/memory.go:107.2,109.1 4 1
github.com/cuihairu/atlas/internal/store/memory/memory.go:110.2,111.9 4 1
github.com/cuihairu/atlas/internal/store/memory/memory.go:112.3,113.1 1 1
github.com/cuihairu/atlas/internal/store/memory/memory.go:114.2,115.17 2 1
github.com/cuihairu/atlas/internal/store/memory/memory.go:119.2,121.1 4 1
github.com/cuihairu/atlas/internal/store/memory/memory.go:122.2,123.16 4 1
github.com/cuihairu/atlas/internal/store/memory/memory.go:124.3,125.1 1 1
github.com/cuihairu/atlas/internal/store/memory/memory.go:126.2,126.17 1 1
github.com/cuihairu/atlas/internal/store/memory/memory.go:127.3,128.1 1 1
github.com/cuihairu/atlas/internal/store/memory/memory.go:131.2,132.32 2 1
github.com/cuihairu/atlas/internal/store/memory/memory.go:133.3,133.27 1 1
github.com/cuihairu/atlas/internal/store/memory/memory.go:134.4,134.12 1 1
github.com/cuihairu/atlas/internal/store/memory/memory.go:136.3,137.31 2 1
github.com/cuihairu/atlas/internal/store/memory/memory.go:141.2,141.41 1 1
github.com/cuihairu/atlas/internal/store/memory/memory.go:142.3,143.1 1 1
github.com/cuihairu/atlas/internal/store/memory/memory.go:146.2,146.20 1 1
github.com/cuihairu/atlas/internal/store/memory/memory.go:147.3,148.30 2 1
github.com/cuihairu/atlas/internal/store/memory/memory.go:149.4,149.25 1 1
github.com/cuihairu/atlas/internal/store/memory/memory.go:150.5,151.10 2 1
github.com/cuihairu/atlas/internal/store/memory/memory.go:153.4,153.17 1 1
github.com/cuihairu/atlas/internal/store/memory/memory.go:155.3,155.26 1 1
github.com/cuihairu/atlas/internal/store/memory/memory.go:158.2,158.25 1 1
github.com/cuihairu/atlas/internal/store/memory/memory.go:159.3,160.1 1 1
github.com/cuihairu/atlas/internal/store/memory/memory.go:161.2,161.20 1 1
github.com/cuihairu/atlas/internal/store/memory/memory.go:165.2,167.1 4 1
github.com/cuihairu/atlas/internal/store/memory/memory.go:168.2,169.9 4 1
github.com/cuihairu/atlas/internal/store/memory/memory.go:170.3,171.1 1 1
github.com/cuihairu/atlas/internal/store/memory/memory.go:172.2,174.12 3 1
github.com/cuihairu/atlas/internal/store/memory/memory.go:178.2,180.1 4 1
github.com/cuihairu/atlas/internal/store/memory/memory.go:181.2,182.9 4 1
github.com/cuihairu/atlas/internal/store/memory/memory.go:183.3,184.1 1 1
github.com/cuihairu/atlas/internal/store/memory/memory.go:187.2,187.20 1 1
github.com/cuihairu/atlas/internal/store/memory/memory.go:188.3,189.1 1 1
github.com/cuihairu/atlas/internal/store/memory/memory.go:190.3,193.1 3 1
github.com/cuihairu/atlas/internal/store/memory/memory.go:194.2,195.12 2 1
github.com/cuihairu/atlas/internal/store/memory/memory.go:199.2,201.1 3 1
github.com/cuihairu/atlas/internal/store/memory/memory.go:202.2,202.33 3 1
github.com/cuihairu/atlas/internal/store/memory/memory.go:203.3,204.1 1 1
github.com/cuihairu/atlas/internal/store/memory/memory.go:205.2,206.12 2 1
github.com/cuihairu/atlas/internal/store/memory/memory.go:214.2,215.1 1 1
github.com/cuihairu/atlas/internal/store/memory/memory.go:218.2,220.1 5 1
github.com/cuihairu/atlas/internal/store/memory/memory.go:221.2,223.1 5 1
github.com/cuihairu/atlas/internal/store/memory/memory.go:224.2,224.43 5 1
github.com/cuihairu/atlas/internal/store/memory/memory.go:225.3,233.1 8 1
github.com/cuihairu/atlas/internal/store/memory/memory.go:235.2,239.12 5 1
github.com/cuihairu/atlas/internal/store/memory/memory.go:243.2,245.1 5 1
github.com/cuihairu/atlas/internal/store/memory/memory.go:246.2,248.9 5 1
github.com/cuihairu/atlas/internal/store/memory/memory.go:249.3,250.1 1 1
github.com/cuihairu/atlas/internal/store/memory/memory.go:251.2,252.17 2 1
github.com/cuihairu/atlas/internal/store/memory/memory.go:256.2,258.1 3 1
github.com/cuihairu/atlas/internal/store/memory/memory.go:259.2,259.34 3 1
github.com/cuihairu/atlas/internal/store/memory/memory.go:260.3,260.36 1 1
github.com/cuihairu/atlas/internal/store/memory/memory.go:261.4,263.1 2 1
github.com/cuihairu/atlas/internal/store/memory/memory.go:265.2,265.79 1 1
github.com/cuihairu/atlas/internal/store/memory/memory.go:269.2,271.1 5 1
github.com/cuihairu/atlas/internal/store/memory/memory.go:272.2,274.9 5 1
github.com/cuihairu/atlas/internal/store/memory/memory.go:275.3,276.1 1 1
github.com/cuihairu/atlas/internal/store/memory/memory.go:278.2,278.23 1 1
github.com/cuihairu/atlas/internal/store/memory/memory.go:279.3,280.1 1 1
github.com/cuihairu/atlas/internal/store/memory/memory.go:281.2,281.24 1 1
github.com/cuihairu/atlas/internal/store/memory/memory.go:282.3,283.1 1 1
github.com/cuihairu/atlas/internal/store/memory/memory.go:284.2,284.26 1 1
github.com/cuihairu/atlas/internal/store/memory/memory.go:285.3,286.1 1 0
github.com/cuihairu/atlas/internal/store/memory/memory.go:287.2,287.25 1 1
github.com/cuihairu/atlas/internal/store/memory/memory.go:288.3,289.1 1 0
github.com/cuihairu/atlas/internal/store/memory/memory.go:290.2,290.30 1 1
github.com/cuihairu/atlas/internal/store/memory/memory.go:291.3,292.1 1 1
github.com/cuihairu/atlas/internal/store/memory/memory.go:293.2,294.12 2 1
github.com/cuihairu/atlas/internal/store/memory/memory.go:298.2,300.1 4 1
github.com/cuihairu/atlas/internal/store/memory/memory.go:301.2,302.37 4 1
github.com/cuihairu/atlas/internal/store/memory/memory.go:303.3,304.1 1 1
github.com/cuihairu/atlas/internal/store/memory/memory.go:305.2,306.12 2 1
github.com/cuihairu/atlas/internal/store/memory/memory.go:310.2,312.1 5 1
github.com/cuihairu/atlas/internal/store/memory/memory.go:313.2,315.36 5 1
github.com/cuihairu/atlas/internal/store/memory/memory.go:316.3,316.60 1 1
github.com/cuihairu/atlas/internal/store/memory/memory.go:317.4,319.1 2 1
github.com/cuihairu/atlas/internal/store/memory/memory.go:322.2,322.41 1 1
github.com/cuihairu/atlas/internal/store/memory/memory.go:323.3,323.47 1 1
github.com/cuihairu/atlas/internal/store/memory/memory.go:324.4,325.1 1 1
github.com/cuihairu/atlas/internal/store/memory/memory.go:326.3,326.55 1 1
github.com/cuihairu/atlas/internal/store/memory/memory.go:329.2,329.20 1 1
github.com/cuihairu/atlas/internal/store/memory/memory.go:333.2,335.1 3 1
github.com/cuihairu/atlas/internal/store/memory/memory.go:336.2,336.16 3 1
github.com/cuihairu/atlas/internal/store/memory/memory.go:337.3,338.1 1 0
github.com/cuihairu/atlas/internal/store/memory/memory.go:339.2,339.17 1 1
github.com/cuihairu/atlas/internal/store/memory/memory.go:340.3,341.1 1 0
github.com/cuihairu/atlas/internal/store/memory/memory.go:344.2,345.34 2 1
github.com/cuihairu/atlas/internal/store/memory/memory.go:346.3,346.30 1 1
github.com/cuihairu/atlas/internal/store/memory/memory.go:347.4,349.1 2 1
github.com/cuihairu/atlas/internal/store/memory/memory.go:353.2,353.41 1 1
github.com/cuihairu/atlas/internal/store/memory/memory.go:354.3,355.1 1 1
github.com/cuihairu/atlas/internal/store/memory/memory.go:358.2,358.18 1 1
github.com/cuihairu/atlas/internal/store/memory/memory.go:359.3,360.17 2 1
github.com/cuihairu/atlas/internal/store/memory/memory.go:361.4,362.30 2 1
github.com/cuihairu/atlas/internal/store/memory/memory.go:363.5,363.34 1 1
github.com/cuihairu/atlas/internal/store/memory/memory.go:364.6,365.11 2 1
github.com/cuihairu/atlas/internal/store/memory/memory.go:367.5,367.18 1 1
github.com/cuihairu/atlas/internal/store/memory/memory.go:369.4,369.27 1 1
github.com/cuihairu/atlas/internal/store/memory/memory.go:373.2,373.25 1 1
github.com/cuihairu/atlas/internal/store/memory/memory.go:374.3,375.1 1 1
github.com/cuihairu/atlas/internal/store/memory/memory.go:376.2,376.20 1 1
github.com/cuihairu/atlas/internal/store/memory/memory.go:384.2,386.1 4 1
github.com/cuihairu/atlas/internal/store/memory/memory.go:387.2,392.1 4 1
github.com/cuihairu/atlas/internal/store/memory/memory.go:393.2,394.1 4 1
github.com/cuihairu/atlas/internal/store/memory/memory.go:397.2,399.1 4 1
github.com/cuihairu/atlas/internal/store/memory/memory.go:400.2,401.9 4 1
github.com/cuihairu/atlas/internal/store/memory/memory.go:402.3,403.1 1 1
github.com/cuihairu/atlas/internal/store/memory/memory.go:404.2,404.17 1 1
github.com/cuihairu/atlas/internal/store/memory/memory.go:408.2,410.1 4 1
github.com/cuihairu/atlas/internal/store/memory/memory.go:411.2,412.33 4 1
github.com/cuihairu/atlas/internal/store/memory/memory.go:413.3,414.1 1 1
github.com/cuihairu/atlas/internal/store/memory/memory.go:415.2,415.17 1 1
github.com/cuihairu/atlas/internal/store/memory/memory.go:419.2,421.1 3 1
github.com/cuihairu/atlas/internal/store/memory/memory.go:422.2,422.34 3 1
github.com/cuihairu/atlas/internal/store/memory/memory.go:423.3,424.1 1 1
github.com/cuihairu/atlas/internal/store/memory/memory.go:425.2,426.12 2 1
github.com/cuihairu/atlas/internal/store/memory/memory.go:434.2,436.1 4 1
github.com/cuihairu/atlas/internal/store/memory/memory.go:437.2,438.16 4 1
github.com/cuihairu/atlas/internal/store/memory/memory.go:439.3,440.1 1 1
github.com/cuihairu/atlas/internal/store/memory/memory.go:441.2,441.17 1 1
github.com/cuihairu/atlas/internal/store/memory/memory.go:442.3,443.1 1 0
github.com/cuihairu/atlas/internal/store/memory/memory.go:445.2,446.34 2 1
github.com/cuihairu/atlas/internal/store/memory/memory.go:447.3,447.34 1 1
github.com/cuihairu/atlas/internal/store/memory/memory.go:448.4,448.12 1 1
github.com/cuihairu/atlas/internal/store/memory/memory.go:450.3,451.31 2 1
github.com/cuihairu/atlas/internal/store/memory/memory.go:455.2,455.41 1 1
github.com/cuihairu/atlas/internal/store/memory/memory.go:456.3,456.47 1 1
github.com/cuihairu/atlas/internal/store/memory/memory.go:457.4,458.1 1 1
github.com/cuihairu/atlas/internal/store/memory/memory.go:459.3,459.55 1 1
github.com/cuihairu/atlas/internal/store/memory/memory.go:465.2,465.25 1 1
github.com/cuihairu/atlas/internal/store/memory/memory.go:466.3,468.29 3 1
github.com/cuihairu/atlas/internal/store/memory/memory.go:469.4,469.91 1 1
github.com/cuihairu/atlas/internal/store/memory/memory.go:470.5,471.10 2 1
github.com/cuihairu/atlas/internal/store/memory/memory.go:473.4,473.17 1 1
github.com/cuihairu/atlas/internal/store/memory/memory.go:475.3,475.26 1 1
github.com/cuihairu/atlas/internal/store/memory/memory.go:478.2,479.25 2 1
github.com/cuihairu/atlas/internal/store/memory/memory.go:480.3,481.1 1 1
github.com/cuihairu/atlas/internal/store/memory/memory.go:482.2,482.21 1 1
github.com/cuihairu/atlas/internal/store/memory/memory.go:483.3,485.1 2 1
github.com/cuihairu/atlas/internal/store/memory/memory.go:487.2,487.32 1 1
github.com/cuihairu/atlas/internal/store/memory/memory.go:495.2,497.1 7 1
github.com/cuihairu/atlas/internal/store/memory/memory.go:499.2,504.1 7 1
github.com/cuihairu/atlas/internal/store/memory/memory.go:507.2,509.1 4 1
github.com/cuihairu/atlas/internal/store/memory/memory.go:510.2,511.9 4 1
github.com/cuihairu/atlas/internal/store/memory/memory.go:512.3,513.1 1 1
github.com/cuihairu/atlas/internal/store/memory/memory.go:514.2,517.17 4 1
github.com/cuihairu/atlas/internal/store/memory/memory.go:521.2,523.1 4 1
github.com/cuihairu/atlas/internal/store/memory/memory.go:524.2,525.9 4 1
github.com/cuihairu/atlas/internal/store/memory/memory.go:526.3,527.1 1 1
github.com/cuihairu/atlas/internal/store/memory/memory.go:528.2,530.12 3 1
github.com/cuihairu/atlas/internal/store/memory/memory.go:534.2,536.1 3 1
github.com/cuihairu/atlas/internal/store/memory/memory.go:537.2,537.16 3 1
github.com/cuihairu/atlas/internal/store/memory/memory.go:538.3,539.1 1 0
github.com/cuihairu/atlas/internal/store/memory/memory.go:540.2,540.17 1 1
github.com/cuihairu/atlas/internal/store/memory/memory.go:541.3,542.1 1 0
github.com/cuihairu/atlas/internal/store/memory/memory.go:544.2,545.33 2 1
github.com/cuihairu/atlas/internal/store/memory/memory.go:546.3,550.1 4 1
github.com/cuihairu/atlas/internal/store/memory/memory.go:553.2,553.41 1 1
github.com/cuihairu/atlas/internal/store/memory/memory.go:554.3,555.1 1 0
github.com/cuihairu/atlas/internal/store/memory/memory.go:557.2,557.25 1 1
github.com/cuihairu/atlas/internal/store/memory/memory.go:558.3,559.1 1 0
github.com/cuihairu/atlas/internal/store/memory/memory.go:560.2,560.20 1 1
github.com/cuihairu/atlas/internal/store/memory/memory.go:568.2,570.1 4 1
github.com/cuihairu/atlas/internal/store/memory/memory.go:571.2,575.1 4 1
github.com/cuihairu/atlas/internal/store/memory/memory.go:577.2,577.32 4 1
github.com/cuihairu/atlas/internal/store/memory/memory.go:578.3,583.1 5 1
github.com/cuihairu/atlas/internal/store/memory/memory.go:585.2,585.32 1 1
github.com/cuihairu/atlas/internal/store/memory/memory.go:586.3,587.1 1 1
github.com/cuihairu/atlas/internal/store/memory/memory.go:589.2,590.1 2 1
github.com/cuihairu/atlas/internal/store/memory/memory.go:591.2,591.19 2 1
github.com/cuihairu/atlas/internal/store/memory/memory.go:599.2,599.90 1 1
github.com/cuihairu/atlas/internal/store/memory/memory.go:600.3,601.1 1 1
github.com/cuihairu/atlas/internal/store/memory/memory.go:602.2,602.51 1 1
github.com/cuihairu/atlas/internal/store/memory/memory.go:603.3,604.1 1 1
github.com/cuihairu/atlas/internal/store/memory/memory.go:605.2,605.50 1 1
github.com/cuihairu/atlas/internal/store/memory/memory.go:606.3,607.1 1 1
github.com/cuihairu/atlas/internal/store/memory/memory.go:608.2,608.49 1 1
github.com/cuihairu/atlas/internal/store/memory/memory.go:609.3,610.1 1 1
github.com/cuihairu/atlas/internal/store/memory/memory.go:611.2,611.49 1 1
github.com/cuihairu/atlas/internal/store/memory/memory.go:612.3,613.1 1 1
github.com/cuihairu/atlas/internal/store/memory/memory.go:614.2,614.13 1 1
github.com/cuihairu/atlas/internal/store/memory/memory.go:618.2,618.46 1 1
github.com/cuihairu/atlas/internal/store/memory/memory.go:619.3,620.1 1 1
github.com/cuihairu/atlas/internal/store/memory/memory.go:621.2,621.19 1 1
github.com/cuihairu/atlas/internal/store/memory/memory.go:622.3,622.52 1 1
github.com/cuihairu/atlas/internal/store/memory/memory.go:623.4,624.1 1 1
github.com/cuihairu/atlas/internal/store/memory/memory.go:626.2,626.19 1 1
github.com/cuihairu/atlas/internal/store/memory/memory.go:627.3,627.52 1 1
github.com/cuihairu/atlas/internal/store/memory/memory.go:628.4,629.1 1 1
github.com/cuihairu/atlas/internal/store/memory/memory.go:631.2,631.49 1 1
github.com/cuihairu/atlas/internal/store/memory/memory.go:632.3,633.1 1 1
github.com/cuihairu/atlas/internal/store/memory/memory.go:634.2,634.52 1 1
github.com/cuihairu/atlas/internal/store/memory/memory.go:635.3,636.1 1 1
github.com/cuihairu/atlas/internal/store/memory/memory.go:637.2,637.46 1 1
github.com/cuihairu/atlas/internal/store/memory/memory.go:638.3,639.1 1 1
github.com/cuihairu/atlas/internal/store/memory/memory.go:640.2,640.13 1 1
github.com/cuihairu/atlas/internal/store/memory/memory.go:646.2,647.21 2 1
github.com/cuihairu/atlas/internal/store/memory/memory.go:648.3,648.64 1 1
github.com/cuihairu/atlas/internal/store/memory/memory.go:649.4,650.1 1 1
github.com/cuihairu/atlas/internal/store/memory/memory.go:652.2,652.14 1 0
github.com/cuihairu/atlas/internal/store/memory/memory.go:658.2,660.1 3 1
github.com/cuihairu/atlas/internal/store/memory/memory.go:661.2,661.33 3 1
github.com/cuihairu/atlas/internal/store/memory/memory.go:662.3,663.1 1 1
github.com/cuihairu/atlas/internal/store/memory/memory.go:666.2,666.20 1 1
github.com/cuihairu/atlas/internal/store/memory/memory.go:667.3,668.1 1 1
github.com/cuihairu/atlas/internal/store/memory/memory.go:671.2,674.12 4 1
github.com/cuihairu/atlas/internal/store/memory/memory.go:678.2,680.1 4 1
github.com/cuihairu/atlas/internal/store/memory/memory.go:681.2,682.9 4 1
github.com/cuihairu/atlas/internal/store/memory/memory.go:683.3,684.1 1 1
github.com/cuihairu/atlas/internal/store/memory/memory.go:685.2,686.17 2 1
github.com/cuihairu/atlas/internal/store/memory/memory.go:690.2,692.1 4 1
github.com/cuihairu/atlas/internal/store/memory/memory.go:693.2,694.29 4 1
github.com/cuihairu/atlas/internal/store/memory/memory.go:695.3,697.1 2 1
github.com/cuihairu/atlas/internal/store/memory/memory.go:698.2,698.38 1 1
github.com/cuihairu/atlas/internal/store/memory/memory.go:699.3,700.1 1 1
github.com/cuihairu/atlas/internal/store/memory/memory.go:701.2,701.35 1 1
github.com/cuihairu/atlas/internal/store/memory/memory.go:702.3,703.1 1 1
github.com/cuihairu/atlas/internal/store/memory/memory.go:704.2,704.17 1 1
github.com/cuihairu/atlas/internal/store/memory/memory.go:708.2,710.1 3 1
github.com/cuihairu/atlas/internal/store/memory/memory.go:711.2,711.34 3 1
github.com/cuihairu/atlas/internal/store/memory/memory.go:712.3,713.1 1 1
github.com/cuihairu/atlas/internal/store/memory/memory.go:716.2,716.40 1 1
github.com/cuihairu/atlas/internal/store/memory/memory.go:717.3,718.1 1 1
github.com/cuihairu/atlas/internal/store/memory/memory.go:720.2,720.21 1 1
github.com/cuihairu/atlas/internal/store/memory/memory.go:721.3,722.1 1 1
github.com/cuihairu/atlas/internal/store/memory/memory.go:725.2,728.12 4 1
github.com/cuihairu/atlas/internal/store/memory/memory.go:732.2,734.1 4 1
github.com/cuihairu/atlas/internal/store/memory/memory.go:735.2,736.9 4 1
github.com/cuihairu/atlas/internal/store/memory/memory.go:737.3,738.1 1 0
github.com/cuihairu/atlas/internal/store/memory/memory.go:739.2,740.17 2 1
github.com/cuihairu/atlas/internal/store/memory/memory.go:744.2,746.1 4 1
github.com/cuihairu/atlas/internal/store/memory/memory.go:747.2,748.30 4 1
github.com/cuihairu/atlas/internal/store/memory/memory.go:749.3,749.45 1 1
github.com/cuihairu/atlas/internal/store/memory/memory.go:750.4,750.12 1 1
github.com/cuihairu/atlas/internal/store/memory/memory.go:752.3,753.25 2 1
github.com/cuihairu/atlas/internal/store/memory/memory.go:755.2,755.38 1 1
github.com/cuihairu/atlas/internal/store/memory/memory.go:756.3,757.1 1 1
github.com/cuihairu/atlas/internal/store/memory/memory.go:758.2,758.35 1 1
github.com/cuihairu/atlas/internal/store/memory/memory.go:759.3,760.1 1 0
github.com/cuihairu/atlas/internal/store/memory/memory.go:761.2,761.17 1 1
github.com/cuihairu/atlas/internal/store/memory/memory.go:767.2,769.1 3 1
github.com/cuihairu/atlas/internal/store/memory/memory.go:770.2,770.39 3 1
github.com/cuihairu/atlas/internal/store/memory/memory.go:771.3,772.1 1 1
github.com/cuihairu/atlas/internal/store/memory/memory.go:775.2,778.12 4 1
github.com/cuihairu/atlas/internal/store/memory/memory.go:782.2,784.1 4 1
github.com/cuihairu/atlas/internal/store/memory/memory.go:785.2,786.9 4 1
github.com/cuihairu/atlas/internal/store/memory/memory.go:787.3,788.1 1 1
github.com/cuihairu/atlas/internal/store/memory/memory.go:789.2,790.17 2 1
github.com/cuihairu/atlas/internal/store/memory/memory.go:794.2,796.1 4 1
github.com/cuihairu/atlas/internal/store/memory/memory.go:797.2,799.1 4 1
github.com/cuihairu/atlas/internal/store/memory/memory.go:802.2,804.1 4 1
github.com/cuihairu/atlas/internal/store/memory/memory.go:805.2,806.35 4 1
github.com/cuihairu/atlas/internal/store/memory/memory.go:807.3,807.47 1 1
github.com/cuihairu/atlas/internal/store/memory/memory.go:808.4,808.12 1 1
github.com/cuihairu/atlas/internal/store/memory/memory.go:810.3,811.25 2 1
github.com/cuihairu/atlas/internal/store/memory/memory.go:813.2,813.38 1 1
github.com/cuihairu/atlas/internal/store/memory/memory.go:814.3,815.1 1 1
github.com/cuihairu/atlas/internal/store/memory/memory.go:816.2,816.35 1 1
github.com/cuihairu/atlas/internal/store/memory/memory.go:817.3,818.1 1 0
github.com/cuihairu/atlas/internal/store/memory/memory.go:819.2,819.17 1 1
github.com/cuihairu/atlas/internal/store/memory/memory.go:823.2,825.1 4 1
github.com/cuihairu/atlas/internal/store/memory/memory.go:826.2,827.9 4 1
github.com/cuihairu/atlas/internal/store/memory/memory.go:828.3,829.1 1 1
github.com/cuihairu/atlas/internal/store/memory/memory.go:830.2,831.12 2 1
github.com/cuihairu/atlas/internal/store/memory/memory.go:835.2,837.1 3 1
github.com/cuihairu/atlas/internal/store/memory/memory.go:838.2,838.40 3 1
github.com/cuihairu/atlas/internal/store/memory/memory.go:839.3,840.1 1 1
github.com/cuihairu/atlas/internal/store/memory/memory.go:842.2,845.12 4 1
github.com/cuihairu/atlas/internal/store/memory/memory.go:849.2,851.1 4 1
github.com/cuihairu/atlas/internal/store/memory/memory.go:852.2,853.9 4 1
github.com/cuihairu/atlas/internal/store/memory/memory.go:854.3,855.1 1 1
github.com/cuihairu/atlas/internal/store/memory/memory.go:856.2,857.17 2 1
github.com/cuihairu/atlas/internal/store/memory/memory.go:861.2,863.1 4 1
github.com/cuihairu/atlas/internal/store/memory/memory.go:864.2,866.1 4 1
github.com/cuihairu/atlas/internal/store/memory/memory.go:869.2,871.1 5 1
github.com/cuihairu/atlas/internal/store/memory/memory.go:872.2,874.36 5 1
github.com/cuihairu/atlas/internal/store/memory/memory.go:877.3,877.75 1 1
github.com/cuihairu/atlas/internal/store/memory/memory.go:878.4,878.12 1 1
github.com/cuihairu/atlas/internal/store/memory/memory.go:880.3,880.37 1 1
github.com/cuihairu/atlas/internal/store/memory/memory.go:881.4,881.12 1 1
github.com/cuihairu/atlas/internal/store/memory/memory.go:883.3,884.25 2 1
github.com/cuihairu/atlas/internal/store/memory/memory.go:886.2,886.38 1 1
github.com/cuihairu/atlas/internal/store/memory/memory.go:887.3,888.1 1 1
github.com/cuihairu/atlas/internal/store/memory/memory.go:889.2,889.39 1 1
github.com/cuihairu/atlas/internal/store/memory/memory.go:890.3,891.1 1 0
github.com/cuihairu/atlas/internal/store/memory/memory.go:892.2,892.17 1 1
github.com/cuihairu/atlas/internal/store/mysql/mysql.go:37.2,38.1 1 1
github.com/cuihairu/atlas/internal/store/mysql/mysql.go:43.2,45.1 2 1
github.com/cuihairu/atlas/internal/store/mysql/mysql.go:49.2,50.1 1 0
github.com/cuihairu/atlas/internal/store/mysql/mysql.go:54.2,55.1 1 0
github.com/cuihairu/atlas/internal/store/mysql/mysql.go:62.2,62.22 1 1
github.com/cuihairu/atlas/internal/store/mysql/mysql.go:63.3,64.1 1 1
github.com/cuihairu/atlas/internal/store/mysql/mysql.go:65.2,68.1 6 1
github.com/cuihairu/atlas/internal/store/mysql/mysql.go:69.2,97.16 6 1
github.com/cuihairu/atlas/internal/store/mysql/mysql.go:98.3,99.1 1 0
github.com/cuihairu/atlas/internal/store/mysql/mysql.go:100.2,100.12 1 1
github.com/cuihairu/atlas/internal/store/mysql/mysql.go:104.2,110.16 3 1
github.com/cuihairu/atlas/internal/store/mysql/mysql.go:111.3,112.1 1 1
github.com/cuihairu/atlas/internal/store/mysql/mysql.go:113.2,113.17 1 1
github.com/cuihairu/atlas/internal/store/mysql/mysql.go:117.2,118.16 2 1
github.com/cuihairu/atlas/internal/store/mysql/mysql.go:119.3,120.1 1 1
github.com/cuihairu/atlas/internal/store/mysql/mysql.go:121.2,121.17 1 1
github.com/cuihairu/atlas/internal/store/mysql/mysql.go:122.3,123.1 1 1
github.com/cuihairu/atlas/internal/store/mysql/mysql.go:125.2,129.1 3 1
github.com/cuihairu/atlas/internal/store/mysql/mysql.go:130.2,130.20 3 1
github.com/cuihairu/atlas/internal/store/mysql/mysql.go:131.3,133.1 2 1
github.com/cuihairu/atlas/internal/store/mysql/mysql.go:134.2,134.19 1 1
github.com/cuihairu/atlas/internal/store/mysql/mysql.go:135.3,137.1 2 1
github.com/cuihairu/atlas/internal/store/mysql/mysql.go:138.2,138.19 1 1
github.com/cuihairu/atlas/internal/store/mysql/mysql.go:139.3,141.1 2 1
github.com/cuihairu/atlas/internal/store/mysql/mysql.go:142.2,142.21 1 1
github.com/cuihairu/atlas/internal/store/mysql/mysql.go:143.3,145.1 2 1
github.com/cuihairu/atlas/internal/store/mysql/mysql.go:146.2,146.22 1 1
github.com/cuihairu/atlas/internal/store/mysql/mysql.go:147.3,149.1 2 1
github.com/cuihairu/atlas/internal/store/mysql/mysql.go:150.2,150.20 1 1
github.com/cuihairu/atlas/internal/store/mysql/mysql.go:151.3,153.1 2 1
github.com/cuihairu/atlas/internal/store/mysql/mysql.go:154.2,154.20 1 1
github.com/cuihairu/atlas/internal/store/mysql/mysql.go:155.3,157.1 2 1
github.com/cuihairu/atlas/internal/store/mysql/mysql.go:159.2,161.1 4 1
github.com/cuihairu/atlas/internal/store/mysql/mysql.go:162.2,163.16 4 1
github.com/cuihairu/atlas/internal/store/mysql/mysql.go:164.3,165.1 1 0
github.com/cuihairu/atlas/internal/store/mysql/mysql.go:166.2,167.1 3 1
github.com/cuihairu/atlas/internal/store/mysql/mysql.go:168.2,169.18 3 1
github.com/cuihairu/atlas/internal/store/mysql/mysql.go:170.3,171.17 2 1
github.com/cuihairu/atlas/internal/store/mysql/mysql.go:172.4,173.1 1 0
github.com/cuihairu/atlas/internal/store/mysql/mysql.go:174.3,174.31 1 1
github.com/cuihairu/atlas/internal/store/mysql/mysql.go:176.2,176.35 1 1
github.com/cuihairu/atlas/internal/store/mysql/mysql.go:177.3,178.1 1 0
github.com/cuihairu/atlas/internal/store/mysql/mysql.go:179.2,179.20 1 1
github.com/cuihairu/atlas/internal/store/mysql/mysql.go:183.2,185.16 3 1
github.com/cuihairu/atlas/internal/store/mysql/mysql.go:186.3,187.1 1 0
github.com/cuihairu/atlas/internal/store/mysql/mysql.go:188.2,189.12 2 1
github.com/cuihairu/atlas/internal/store/mysql/mysql.go:190.3,191.1 1 1
github.com/cuihairu/atlas/internal/store/mysql/mysql.go:192.2,192.12 1 1
github.com/cuihairu/atlas/internal/store/mysql/mysql.go:196.2,196.17 1 1
github.com/cuihairu/atlas/internal/store/mysql/mysql.go:197.3,198.1 1 1
github.com/cuihairu/atlas/internal/store/mysql/mysql.go:199.2,200.16 2 1
github.com/cuihairu/atlas/internal/store/mysql/mysql.go:201.3,202.1 1 0
github.com/cuihairu/atlas/internal/store/mysql/mysql.go:203.2,205.16 3 1
github.com/cuihairu/atlas/internal/store/mysql/mysql.go:206.3,207.1 1 0
github.com/cuihairu/atlas/internal/store/mysql/mysql.go:208.2,209.16 2 1
github.com/cuihairu/atlas/internal/store/mysql/mysql.go:210.3,211.1 1 0
github.com/cuihairu/atlas/internal/store/mysql/mysql.go:212.2,212.12 1 1
github.com/cuihairu/atlas/internal/store/mysql/mysql.go:213.3,214.1 1 1
github.com/cuihairu/atlas/internal/store/mysql/mysql.go:215.2,215.12 1 1
github.com/cuihairu/atlas/internal/store/mysql/mysql.go:219.2,221.16 3 1
github.com/cuihairu/atlas/internal/store/mysql/mysql.go:222.3,223.1 1 0
github.com/cuihairu/atlas/internal/store/mysql/mysql.go:224.2,225.12 2 1
github.com/cuihairu/atlas/internal/store/mysql/mysql.go:226.3,227.1 1 1
github.com/cuihairu/atlas/internal/store/mysql/mysql.go:228.2,228.12 1 1
github.com/cuihairu/atlas/internal/store/mysql/mysql.go:236.2,239.1 6 1
github.com/cuihairu/atlas/internal/store/mysql/mysql.go:240.2,256.16 6 1
github.com/cuihairu/atlas/internal/store/mysql/mysql.go:257.3,258.1 1 0
github.com/cuihairu/atlas/internal/store/mysql/mysql.go:259.2,259.12 1 1
github.com/cuihairu/atlas/internal/store/mysql/mysql.go:263.2,269.16 3 1
github.com/cuihairu/atlas/internal/store/mysql/mysql.go:270.3,271.1 1 1
github.com/cuihairu/atlas/internal/store/mysql/mysql.go:272.2,272.16 1 1
github.com/cuihairu/atlas/internal/store/mysql/mysql.go:276.2,282.16 3 1
github.com/cuihairu/atlas/internal/store/mysql/mysql.go:283.3,284.1 1 1
github.com/cuihairu/atlas/internal/store/mysql/mysql.go:285.2,285.16 1 1
github.com/cuihairu/atlas/internal/store/mysql/mysql.go:289.2,291.1 3 1
github.com/cuihairu/atlas/internal/store/mysql/mysql.go:292.2,292.23 3 1
github.com/cuihairu/atlas/internal/store/mysql/mysql.go:293.3,295.1 2 1
github.com/cuihairu/atlas/internal/store/mysql/mysql.go:296.2,296.24 1 1
github.com/cuihairu/atlas/internal/store/mysql/mysql.go:297.3,299.1 2 1
github.com/cuihairu/atlas/internal/store/mysql/mysql.go:300.2,300.26 1 1
github.com/cuihairu/atlas/internal/store/mysql/mysql.go:301.3,303.1 2 0
github.com/cuihairu/atlas/internal/store/mysql/mysql.go:304.2,304.25 1 1
github.com/cuihairu/atlas/internal/store/mysql/mysql.go:305.3,307.1 2 0
github.com/cuihairu/atlas/internal/store/mysql/mysql.go:308.2,308.30 1 1
github.com/cuihairu/atlas/internal/store/mysql/mysql.go:309.3,311.1 2 0
github.com/cuihairu/atlas/internal/store/mysql/mysql.go:313.2,313.26 1 1
github.com/cuihairu/atlas/internal/store/mysql/mysql.go:314.3,315.1 1 1
github.com/cuihairu/atlas/internal/store/mysql/mysql.go:317.2,319.1 6 1
github.com/cuihairu/atlas/internal/store/mysql/mysql.go:320.2,323.1 6 1
github.com/cuihairu/atlas/internal/store/mysql/mysql.go:324.2,325.16 6 1
github.com/cuihairu/atlas/internal/store/mysql/mysql.go:326.3,327.1 1 0
github.com/cuihairu/atlas/internal/store/mysql/mysql.go:328.2,329.12 2 1
github.com/cuihairu/atlas/internal/store/mysql/mysql.go:330.3,331.1 1 1
github.com/cuihairu/atlas/internal/store/mysql/mysql.go:332.2,332.12 1 1
github.com/cuihairu/atlas/internal/store/mysql/mysql.go:336.2,338.16 3 1
github.com/cuihairu/atlas/internal/store/mysql/mysql.go:339.3,340.1 1 0
github.com/cuihairu/atlas/internal/store/mysql/mysql.go:341.2,342.12 2 1
github.com/cuihairu/atlas/internal/store/mysql/mysql.go:343.3,344.1 1 1
github.com/cuihairu/atlas/internal/store/mysql/mysql.go:345.2,345.12 1 1
github.com/cuihairu/atlas/internal/store/mysql/mysql.go:349.2,356.16 3 1
github.com/cuihairu/atlas/internal/store/mysql/mysql.go:357.3,358.1 1 0
github.com/cuihairu/atlas/internal/store/mysql/mysql.go:359.2,360.1 2 1
github.com/cuihairu/atlas/internal/store/mysql/mysql.go:361.2,361.29 2 1
github.com/cuihairu/atlas/internal/store/mysql/mysql.go:365.2,365.16 1 1
github.com/cuihairu/atlas/internal/store/mysql/mysql.go:366.3,367.1 1 0
github.com/cuihairu/atlas/internal/store/mysql/mysql.go:368.2,368.17 1 1
github.com/cuihairu/atlas/internal/store/mysql/mysql.go:369.3,370.1 1 0
github.com/cuihairu/atlas/internal/store/mysql/mysql.go:372.2,377.1 3 1
github.com/cuihairu/atlas/internal/store/mysql/mysql.go:378.2,378.18 3 1
github.com/cuihairu/atlas/internal/store/mysql/mysql.go:379.3,381.1 2 1
github.com/cuihairu/atlas/internal/store/mysql/mysql.go:383.2,385.1 4 1
github.com/cuihairu/atlas/internal/store/mysql/mysql.go:386.2,387.16 4 1
github.com/cuihairu/atlas/internal/store/mysql/mysql.go:388.3,389.1 1 0
github.com/cuihairu/atlas/internal/store/mysql/mysql.go:390.2,391.1 2 1
github.com/cuihairu/atlas/internal/store/mysql/mysql.go:392.2,392.29 2 1
github.com/cuihairu/atlas/internal/store/mysql/mysql.go:400.2,400.23 1 1
github.com/cuihairu/atlas/internal/store/mysql/mysql.go:401.3,402.1 1 1
github.com/cuihairu/atlas/internal/store/mysql/mysql.go:403.2,403.24 1 1
github.com/cuihairu/atlas/internal/store/mysql/mysql.go:404.3,405.1 1 0
github.com/cuihairu/atlas/internal/store/mysql/mysql.go:407.2,410.1 3 1
github.com/cuihairu/atlas/internal/store/mysql/mysql.go:411.2,411.23 3 1
github.com/cuihairu/atlas/internal/store/mysql/mysql.go:412.3,414.1 2 1
github.com/cuihairu/atlas/internal/store/mysql/mysql.go:415.2,415.27 1 1
github.com/cuihairu/atlas/internal/store/mysql/mysql.go:416.3,418.1 2 1
github.com/cuihairu/atlas/internal/store/mysql/mysql.go:419.2,419.27 1 1
github.com/cuihairu/atlas/internal/store/mysql/mysql.go:420.3,422.1 2 1
github.com/cuihairu/atlas/internal/store/mysql/mysql.go:423.2,423.28 1 1
github.com/cuihairu/atlas/internal/store/mysql/mysql.go:424.3,426.1 2 1
github.com/cuihairu/atlas/internal/store/mysql/mysql.go:427.2,427.28 1 1
github.com/cuihairu/atlas/internal/store/mysql/mysql.go:428.3,430.1 2 1
github.com/cuihairu/atlas/internal/store/mysql/mysql.go:431.2,431.25 1 1
github.com/cuihairu/atlas/internal/store/mysql/mysql.go:432.3,435.1 3 1
github.com/cuihairu/atlas/internal/store/mysql/mysql.go:437.2,439.1 4 1
github.com/cuihairu/atlas/internal/store/mysql/mysql.go:440.2,441.16 4 1
github.com/cuihairu/atlas/internal/store/mysql/mysql.go:442.3,443.1 1 0
github.com/cuihairu/atlas/internal/store/mysql/mysql.go:444.2,445.1 3 1
github.com/cuihairu/atlas/internal/store/mysql/mysql.go:446.2,447.16 3 1
github.com/cuihairu/atlas/internal/store/mysql/mysql.go:448.3,449.1 1 0
github.com/cuihairu/atlas/internal/store/mysql/mysql.go:451.2,452.21 2 1
github.com/cuihairu/atlas/internal/store/mysql/mysql.go:453.3,455.1 2 1
github.com/cuihairu/atlas/internal/store/mysql/mysql.go:457.2,457.32 1 1
github.com/cuihairu/atlas/internal/store/mysql/mysql.go:466.2,467.16 2 1
github.com/cuihairu/atlas/internal/store/mysql/mysql.go:468.3,469.1 1 0
github.com/cuihairu/atlas/internal/store/mysql/mysql.go:471.2,479.16 3 1
github.com/cuihairu/atlas/internal/store/mysql/mysql.go:480.3,481.1 1 0
github.com/cuihairu/atlas/internal/store/mysql/mysql.go:482.2,482.12 1 1
github.com/cuihairu/atlas/internal/store/mysql/mysql.go:486.2,497.16 6 1
github.com/cuihairu/atlas/internal/store/mysql/mysql.go:498.3,498.27 1 1
github.com/cuihairu/atlas/internal/store/mysql/mysql.go:499.4,500.1 1 1
github.com/cuihairu/atlas/internal/store/mysql/mysql.go:501.3,501.58 1 0
github.com/cuihairu/atlas/internal/store/mysql/mysql.go:503.2,504.78 2 1
github.com/cuihairu/atlas/internal/store/mysql/mysql.go:505.3,506.1 1 0
github.com/cuihairu/atlas/internal/store/mysql/mysql.go:507.2,507.16 1 1
github.com/cuihairu/atlas/internal/store/mysql/mysql.go:511.2,513.16 3 1
github.com/cuihairu/atlas/internal/store/mysql/mysql.go:514.3,515.1 1 0
github.com/cuihairu/atlas/internal/store/mysql/mysql.go:516.2,517.12 2 1
github.com/cuihairu/atlas/internal/store/mysql/mysql.go:518.3,519.1 1 1
github.com/cuihairu/atlas/internal/store/mysql/mysql.go:520.2,520.12 1 1
github.com/cuihairu/atlas/internal/store/mysql/mysql.go:524.2,524.16 1 1
github.com/cuihairu/atlas/internal/store/mysql/mysql.go:525.3,526.1 1 0
github.com/cuihairu/atlas/internal/store/mysql/mysql.go:527.2,527.17 1 1
github.com/cuihairu/atlas/internal/store/mysql/mysql.go:528.3,529.1 1 0
github.com/cuihairu/atlas/internal/store/mysql/mysql.go:531.2,538.16 3 1
github.com/cuihairu/atlas/internal/store/mysql/mysql.go:539.3,540.1 1 0
github.com/cuihairu/atlas/internal/store/mysql/mysql.go:541.2,542.1 3 1
github.com/cuihairu/atlas/internal/store/mysql/mysql.go:543.2,544.18 3 1
github.com/cuihairu/atlas/internal/store/mysql/mysql.go:545.3,548.112 4 1
github.com/cuihairu/atlas/internal/store/mysql/mysql.go:549.4,550.1 1 0
github.com/cuihairu/atlas/internal/store/mysql/mysql.go:551.3,552.79 2 1
github.com/cuihairu/atlas/internal/store/mysql/mysql.go:553.4,554.1 1 0
github.com/cuihairu/atlas/internal/store/mysql/mysql.go:555.3,555.30 1 1
github.com/cuihairu/atlas/internal/store/mysql/mysql.go:557.2,557.35 1 1
github.com/cuihairu/atlas/internal/store/mysql/mysql.go:558.3,559.1 1 0
github.com/cuihairu/atlas/internal/store/mysql/mysql.go:560.2,560.20 1 1
github.com/cuihairu/atlas/internal/store/mysql/mysql.go:568.2,572.1 4 1
github.com/cuihairu/atlas/internal/store/mysql/mysql.go:574.2,576.16 4 1
github.com/cuihairu/atlas/internal/store/mysql/mysql.go:577.3,578.1 1 0
github.com/cuihairu/atlas/internal/store/mysql/mysql.go:579.2,580.1 2 1
github.com/cuihairu/atlas/internal/store/mysql/mysql.go:581.2,581.18 2 1
github.com/cuihairu/atlas/internal/store/mysql/mysql.go:582.3,584.74 3 1
github.com/cuihairu/atlas/internal/store/mysql/mysql.go:585.4,586.1 1 0
github.com/cuihairu/atlas/internal/store/mysql/mysql.go:587.3,591.34 5 1
github.com/cuihairu/atlas/internal/store/mysql/mysql.go:593.2,593.35 1 1
github.com/cuihairu/atlas/internal/store/mysql/mysql.go:594.3,595.1 1 0
github.com/cuihairu/atlas/internal/store/mysql/mysql.go:597.2,599.16 3 1
github.com/cuihairu/atlas/internal/store/mysql/mysql.go:600.3,601.1 1 0
github.com/cuihairu/atlas/internal/store/mysql/mysql.go:602.2,603.1 2 1
github.com/cuihairu/atlas/internal/store/mysql/mysql.go:606.2,606.22 2 1
github.com/cuihairu/atlas/internal/store/mysql/mysql.go:607.3,608.17 2 1
github.com/cuihairu/atlas/internal/store/mysql/mysql.go:609.4,610.1 1 0
github.com/cuihairu/atlas/internal/store/mysql/mysql.go:611.3,611.31 1 1
github.com/cuihairu/atlas/internal/store/mysql/mysql.go:612.4,613.1 1 1
github.com/cuihairu/atlas/internal/store/mysql/mysql.go:616.2,616.19 1 1
github.com/cuihairu/atlas/internal/store/mysql/mysql.go:628.2,629.1 4 1
github.com/cuihairu/atlas/internal/store/mysql/mysql.go:631.2,639.16 4 1
github.com/cuihairu/atlas/internal/store/mysql/mysql.go:640.3,640.27 1 1
github.com/cuihairu/atlas/internal/store/mysql/mysql.go:641.4,642.1 1 1
github.com/cuihairu/atlas/internal/store/mysql/mysql.go:643.3,643.18 1 0
github.com/cuihairu/atlas/internal/store/mysql/mysql.go:645.2,645.43 1 1
github.com/cuihairu/atlas/internal/store/mysql/mysql.go:646.3,646.75 1 1
github.com/cuihairu/atlas/internal/store/mysql/mysql.go:647.4,648.1 1 0
github.com/cuihairu/atlas/internal/store/mysql/mysql.go:650.2,650.18 1 1
github.com/cuihairu/atlas/internal/store/mysql/mysql.go:654.2,660.16 3 1
github.com/cuihairu/atlas/internal/store/mysql/mysql.go:661.3,661.27 1 1
github.com/cuihairu/atlas/internal/store/mysql/mysql.go:662.4,663.1 1 1
github.com/cuihairu/atlas/internal/store/mysql/mysql.go:664.3,664.18 1 0
github.com/cuihairu/atlas/internal/store/mysql/mysql.go:666.2,666.17 1 1
github.com/cuihairu/atlas/internal/store/mysql/mysql.go:670.2,671.18 2 1
github.com/cuihairu/atlas/internal/store/mysql/mysql.go:672.3,673.17 2 1
github.com/cuihairu/atlas/internal/store/mysql/mysql.go:674.4,675.1 1 0
github.com/cuihairu/atlas/internal/store/mysql/mysql.go:676.3,676.30 1 1
github.com/cuihairu/atlas/internal/store/mysql/mysql.go:678.2,678.35 1 1
github.com/cuihairu/atlas/internal/store/mysql/mysql.go:679.3,680.1 1 0
github.com/cuihairu/atlas/internal/store/mysql/mysql.go:681.2,681.20 1 1
github.com/cuihairu/atlas/internal/store/mysql/mysql.go:685.2,685.18 1 1
github.com/cuihairu/atlas/internal/store/mysql/mysql.go:686.3,687.1 1 0
github.com/cuihairu/atlas/internal/store/mysql/mysql.go:688.2,689.27 2 1
github.com/cuihairu/atlas/internal/store/mysql/mysql.go:690.3,691.1 1 1
github.com/cuihairu/atlas/internal/store/mysql/mysql.go:692.2,692.15 1 1
github.com/cuihairu/atlas/internal/store/mysql/mysql.go:696.2,697.21 2 1
github.com/cuihairu/atlas/internal/store/mysql/mysql.go:698.3,698.68 1 1
github.com/cuihairu/atlas/internal/store/mysql/mysql.go:699.4,700.1 1 1
github.com/cuihairu/atlas/internal/store/mysql/mysql.go:702.2,702.28 1 0
github.com/cuihairu/atlas/internal/store/mysql/mysql.go:713.2,713.20 1 1
github.com/cuihairu/atlas/internal/store/mysql/mysql.go:714.3,715.1 1 1
github.com/cuihairu/atlas/internal/store/mysql/mysql.go:718.2,722.99 3 1
github.com/cuihairu/atlas/internal/store/mysql/mysql.go:723.3,725.1 2 1
github.com/cuihairu/atlas/internal/store/mysql/mysql.go:726.2,726.12 1 1
github.com/cuihairu/atlas/internal/store/mysql/mysql.go:730.2,733.16 4 1
github.com/cuihairu/atlas/internal/store/mysql/mysql.go:734.3,734.27 1 1
github.com/cuihairu/atlas/internal/store/mysql/mysql.go:735.4,736.1 1 1
github.com/cuihairu/atlas/internal/store/mysql/mysql.go:737.3,737.54 1 0
github.com/cuihairu/atlas/internal/store/mysql/mysql.go:739.2,739.16 1 1
github.com/cuihairu/atlas/internal/store/mysql/mysql.go:743.2,745.15 3 0
github.com/cuihairu/atlas/internal/store/mysql/mysql.go:746.3,748.1 2 0
github.com/cuihairu/atlas/internal/store/mysql/mysql.go:749.2,750.16 2 0
github.com/cuihairu/atlas/internal/store/mysql/mysql.go:751.3,752.1 1 0
github.com/cuihairu/atlas/internal/store/mysql/mysql.go:753.2,754.1 3 0
github.com/cuihairu/atlas/internal/store/mysql/mysql.go:755.2,756.18 3 0
github.com/cuihairu/atlas/internal/store/mysql/mysql.go:757.3,758.87 2 0
github.com/cuihairu/atlas/internal/store/mysql/mysql.go:759.4,760.1 1 0
github.com/cuihairu/atlas/internal/store/mysql/mysql.go:761.3,761.24 1 0
github.com/cuihairu/atlas/internal/store/mysql/mysql.go:763.2,763.24 1 0
github.com/cuihairu/atlas/internal/store/mysql/mysql.go:769.2,769.55 1 1
github.com/cuihairu/atlas/internal/store/mysql/mysql.go:770.3,771.1 1 1
github.com/cuihairu/atlas/internal/store/mysql/mysql.go:772.2,772.21 1 1
github.com/cuihairu/atlas/internal/store/mysql/mysql.go:773.3,774.1 1 1
github.com/cuihairu/atlas/internal/store/mysql/mysql.go:777.2,781.105 3 1
github.com/cuihairu/atlas/internal/store/mysql/mysql.go:782.3,784.1 2 1
github.com/cuihairu/atlas/internal/store/mysql/mysql.go:785.2,785.12 1 1
github.com/cuihairu/atlas/internal/store/mysql/mysql.go:789.2,792.16 4 1
github.com/cuihairu/atlas/internal/store/mysql/mysql.go:793.3,793.27 1 0
github.com/cuihairu/atlas/internal/store/mysql/mysql.go:794.4,795.1 1 0
github.com/cuihairu/atlas/internal/store/mysql/mysql.go:796.3,796.54 1 0
github.com/cuihairu/atlas/internal/store/mysql/mysql.go:798.2,798.17 1 1
github.com/cuihairu/atlas/internal/store/mysql/mysql.go:802.2,804.19 3 1
github.com/cuihairu/atlas/internal/store/mysql/mysql.go:805.3,807.1 2 1
github.com/cuihairu/atlas/internal/store/mysql/mysql.go:808.2,809.15 2 1
github.com/cuihairu/atlas/internal/store/mysql/mysql.go:810.3,812.1 2 1
github.com/cuihairu/atlas/internal/store/mysql/mysql.go:813.2,814.16 2 1
github.com/cuihairu/atlas/internal/store/mysql/mysql.go:815.3,816.1 1 0
github.com/cuihairu/atlas/internal/store/mysql/mysql.go:817.2,818.1 3 1
github.com/cuihairu/atlas/internal/store/mysql/mysql.go:819.2,820.18 3 1
github.com/cuihairu/atlas/internal/store/mysql/mysql.go:821.3,822.93 2 1
github.com/cuihairu/atlas/internal/store/mysql/mysql.go:823.4,824.1 1 0
github.com/cuihairu/atlas/internal/store/mysql/mysql.go:825.3,825.25 1 1
github.com/cuihairu/atlas/internal/store/mysql/mysql.go:827.2,827.24 1 1
github.com/cuihairu/atlas/internal/store/mysql/mysql.go:834.2,834.22 1 1
github.com/cuihairu/atlas/internal/store/mysql/mysql.go:835.3,836.1 1 1
github.com/cuihairu/atlas/internal/store/mysql/mysql.go:837.2,837.49 1 0
github.com/cuihairu/atlas/internal/store/mysql/mysql.go:843.2,851.16 4 1
github.com/cuihairu/atlas/internal/store/mysql/mysql.go:852.3,853.1 1 0
github.com/cuihairu/atlas/internal/store/mysql/mysql.go:854.2,854.40 1 1
github.com/cuihairu/atlas/internal/store/mysql/mysql.go:855.3,856.1 1 1
github.com/cuihairu/atlas/internal/store/mysql/mysql.go:857.2,857.12 1 1
github.com/cuihairu/atlas/internal/store/mysql/mysql.go:861.2,865.1 2 1
github.com/cuihairu/atlas/internal/store/mysql/mysql.go:868.2,869.16 2 1
github.com/cuihairu/atlas/internal/store/mysql/mysql.go:870.3,871.1 1 0
github.com/cuihairu/atlas/internal/store/mysql/mysql.go:872.2,872.12 1 1
github.com/cuihairu/atlas/internal/store/mysql/mysql.go:876.2,879.20 3 1
github.com/cuihairu/atlas/internal/store/mysql/mysql.go:880.3,882.1 2 1
github.com/cuihairu/atlas/internal/store/mysql/mysql.go:883.2,884.15 2 1
github.com/cuihairu/atlas/internal/store/mysql/mysql.go:885.3,887.1 2 1
github.com/cuihairu/atlas/internal/store/mysql/mysql.go:888.2,889.16 2 1
github.com/cuihairu/atlas/internal/store/mysql/mysql.go:890.3,891.1 1 0
github.com/cuihairu/atlas/internal/store/mysql/mysql.go:892.2,893.1 3 1
github.com/cuihairu/atlas/internal/store/mysql/mysql.go:894.2,895.18 3 1
github.com/cuihairu/atlas/internal/store/mysql/mysql.go:896.3,897.17 2 1
github.com/cuihairu/atlas/internal/store/mysql/mysql.go:898.4,899.1 1 0
github.com/cuihairu/atlas/internal/store/mysql/mysql.go:900.3,900.23 1 1
github.com/cuihairu/atlas/internal/store/mysql/mysql.go:902.2,902.24 1 1
github.com/cuihairu/atlas/internal/store/mysql/mysql.go:906.2,908.16 2 1
github.com/cuihairu/atlas/internal/store/mysql/mysql.go:909.3,910.1 1 0
github.com/cuihairu/atlas/internal/store/mysql/mysql.go:911.2,911.40 1 1
github.com/cuihairu/atlas/internal/store/mysql/mysql.go:912.3,913.1 1 1
github.com/cuihairu/atlas/internal/store/mysql/mysql.go:914.2,914.12 1 1
github.com/cuihairu/atlas/internal/store/mysql/mysql.go:918.2,921.16 4 1
github.com/cuihairu/atlas/internal/store/mysql/mysql.go:922.3,922.27 1 1
github.com/cuihairu/atlas/internal/store/mysql/mysql.go:923.4,924.1 1 1
github.com/cuihairu/atlas/internal/store/mysql/mysql.go:925.3,925.18 1 0
github.com/cuihairu/atlas/internal/store/mysql/mysql.go:927.2,928.16 2 1
github.com/cuihairu/atlas/internal/store/mysql/mysql.go:932.2,940.16 4 1
github.com/cuihairu/atlas/internal/store/mysql/mysql.go:941.3,942.1 1 0
github.com/cuihairu/atlas/internal/store/mysql/mysql.go:943.2,943.40 1 1
github.com/cuihairu/atlas/internal/store/mysql/mysql.go:944.3,945.1 1 1
github.com/cuihairu/atlas/internal/store/mysql/mysql.go:946.2,946.12 1 1
github.com/cuihairu/atlas/internal/store/mysql/mysql.go:950.2,954.1 2 1
github.com/cuihairu/atlas/internal/store/mysql/mysql.go:957.2,958.16 2 1
github.com/cuihairu/atlas/internal/store/mysql/mysql.go:959.3,960.1 1 0
github.com/cuihairu/atlas/internal/store/mysql/mysql.go:961.2,961.12 1 1
github.com/cuihairu/atlas/internal/store/mysql/mysql.go:965.2,968.22 3 1
github.com/cuihairu/atlas/internal/store/mysql/mysql.go:970.3,972.1 2 1
github.com/cuihairu/atlas/internal/store/mysql/mysql.go:973.2,973.18 1 1
github.com/cuihairu/atlas/internal/store/mysql/mysql.go:974.3,975.1 1 1
github.com/cuihairu/atlas/internal/store/mysql/mysql.go:976.2,977.17 2 1
github.com/cuihairu/atlas/internal/store/mysql/mysql.go:978.3,980.1 2 0
github.com/cuihairu/atlas/internal/store/mysql/mysql.go:981.2,982.16 2 1
github.com/cuihairu/atlas/internal/store/mysql/mysql.go:983.3,984.1 1 0
github.com/cuihairu/atlas/internal/store/mysql/mysql.go:985.2,986.1 3 1
github.com/cuihairu/atlas/internal/store/mysql/mysql.go:987.2,988.18 3 1
github.com/cuihairu/atlas/internal/store/mysql/mysql.go:989.3,990.17 2 1
github.com/cuihairu/atlas/internal/store/mysql/mysql.go:991.4,992.1 1 0
github.com/cuihairu/atlas/internal/store/mysql/mysql.go:993.3,993.23 1 1
github.com/cuihairu/atlas/internal/store/mysql/mysql.go:995.2,995.24 1 1
github.com/cuihairu/atlas/internal/store/mysql/mysql.go:999.2,1001.16 3 1
github.com/cuihairu/atlas/internal/store/mysql/mysql.go:1002.3,1002.27 1 1
github.com/cuihairu/atlas/internal/store/mysql/mysql.go:1003.4,1004.1 1 1
github.com/cuihairu/atlas/internal/store/mysql/mysql.go:1005.3,1005.18 1 0
github.com/cuihairu/atlas/internal/store/mysql/mysql.go:1007.2,1007.16 1 1
github.com/cuihairu/atlas/internal/store/postgres/postgres.go:42.2,43.1 1 1
github.com/cuihairu/atlas/internal/store/postgres/postgres.go:48.2,50.1 2 1
github.com/cuihairu/atlas/internal/store/postgres/postgres.go:54.2,55.1 1 0
github.com/cuihairu/atlas/internal/store/postgres/postgres.go:59.2,61.1 2 0
github.com/cuihairu/atlas/internal/store/postgres/postgres.go:68.2,68.22 1 1
github.com/cuihairu/atlas/internal/store/postgres/postgres.go:69.3,70.1 1 1
github.com/cuihairu/atlas/internal/store/postgres/postgres.go:71.2,74.1 6 1
github.com/cuihairu/atlas/internal/store/postgres/postgres.go:75.2,103.16 6 1
github.com/cuihairu/atlas/internal/store/postgres/postgres.go:104.3,105.1 1 0
github.com/cuihairu/atlas/internal/store/postgres/postgres.go:106.2,106.12 1 1
github.com/cuihairu/atlas/internal/store/postgres/postgres.go:110.2,116.16 3 1
github.com/cuihairu/atlas/internal/store/postgres/postgres.go:117.3,118.1 1 1
github.com/cuihairu/atlas/internal/store/postgres/postgres.go:119.2,119.17 1 1
github.com/cuihairu/atlas/internal/store/postgres/postgres.go:123.2,124.16 2 1
github.com/cuihairu/atlas/internal/store/postgres/postgres.go:125.3,126.1 1 1
github.com/cuihairu/atlas/internal/store/postgres/postgres.go:127.2,127.17 1 1
github.com/cuihairu/atlas/internal/store/postgres/postgres.go:128.3,129.1 1 1
github.com/cuihairu/atlas/internal/store/postgres/postgres.go:131.2,136.1 4 1
github.com/cuihairu/atlas/internal/store/postgres/postgres.go:137.2,137.20 4 1
github.com/cuihairu/atlas/internal/store/postgres/postgres.go:138.3,141.1 3 1
github.com/cuihairu/atlas/internal/store/postgres/postgres.go:142.2,142.19 1 1
github.com/cuihairu/atlas/internal/store/postgres/postgres.go:143.3,146.1 3 1
github.com/cuihairu/atlas/internal/store/postgres/postgres.go:147.2,147.19 1 1
github.com/cuihairu/atlas/internal/store/postgres/postgres.go:148.3,151.1 3 1
github.com/cuihairu/atlas/internal/store/postgres/postgres.go:152.2,152.21 1 1
github.com/cuihairu/atlas/internal/store/postgres/postgres.go:153.3,156.1 3 1
github.com/cuihairu/atlas/internal/store/postgres/postgres.go:157.2,157.22 1 1
github.com/cuihairu/atlas/internal/store/postgres/postgres.go:158.3,161.1 3 1
github.com/cuihairu/atlas/internal/store/postgres/postgres.go:162.2,162.20 1 1
github.com/cuihairu/atlas/internal/store/postgres/postgres.go:163.3,166.1 3 1
github.com/cuihairu/atlas/internal/store/postgres/postgres.go:167.2,167.20 1 1
github.com/cuihairu/atlas/internal/store/postgres/postgres.go:168.3,171.1 3 1
github.com/cuihairu/atlas/internal/store/postgres/postgres.go:173.2,176.1 5 1
github.com/cuihairu/atlas/internal/store/postgres/postgres.go:177.2,178.16 5 1
github.com/cuihairu/atlas/internal/store/postgres/postgres.go:179.3,180.1 1 0
github.com/cuihairu/atlas/internal/store/postgres/postgres.go:181.2,182.1 3 1
github.com/cuihairu/atlas/internal/store/postgres/postgres.go:183.2,184.18 3 1
github.com/cuihairu/atlas/internal/store/postgres/postgres.go:185.3,186.17 2 1
github.com/cuihairu/atlas/internal/store/postgres/postgres.go:187.4,188.1 1 0
github.com/cuihairu/atlas/internal/store/postgres/postgres.go:189.3,189.31 1 1
github.com/cuihairu/atlas/internal/store/postgres/postgres.go:191.2,191.35 1 1
github.com/cuihairu/atlas/internal/store/postgres/postgres.go:192.3,193.1 1 0
github.com/cuihairu/atlas/internal/store/postgres/postgres.go:194.2,194.20 1 1
github.com/cuihairu/atlas/internal/store/postgres/postgres.go:198.2,200.16 3 1
github.com/cuihairu/atlas/internal/store/postgres/postgres.go:201.3,202.1 1 0
github.com/cuihairu/atlas/internal/store/postgres/postgres.go:203.2,203.29 1 1
github.com/cuihairu/atlas/internal/store/postgres/postgres.go:204.3,205.1 1 1
github.com/cuihairu/atlas/internal/store/postgres/postgres.go:206.2,206.12 1 1
github.com/cuihairu/atlas/internal/store/postgres/postgres.go:210.2,210.17 1 1
github.com/cuihairu/atlas/internal/store/postgres/postgres.go:211.3,212.1 1 1
github.com/cuihairu/atlas/internal/store/postgres/postgres.go:213.2,214.16 2 1
github.com/cuihairu/atlas/internal/store/postgres/postgres.go:215.3,216.1 1 0
github.com/cuihairu/atlas/internal/store/postgres/postgres.go:217.2,219.16 3 1
github.com/cuihairu/atlas/internal/store/postgres/postgres.go:220.3,221.1 1 0
github.com/cuihairu/atlas/internal/store/postgres/postgres.go:222.2,222.29 1 1
github.com/cuihairu/atlas/internal/store/postgres/postgres.go:223.3,224.1 1 1
github.com/cuihairu/atlas/internal/store/postgres/postgres.go:225.2,225.12 1 1
github.com/cuihairu/atlas/internal/store/postgres/postgres.go:229.2,231.16 3 1
github.com/cuihairu/atlas/internal/store/postgres/postgres.go:232.3,233.1 1 0
github.com/cuihairu/atlas/internal/store/postgres/postgres.go:234.2,234.29 1 1
github.com/cuihairu/atlas/internal/store/postgres/postgres.go:235.3,236.1 1 1
github.com/cuihairu/atlas/internal/store/postgres/postgres.go:237.2,237.12 1 1
github.com/cuihairu/atlas/internal/store/postgres/postgres.go:245.2,248.1 6 1
github.com/cuihairu/atlas/internal/store/postgres/postgres.go:249.2,265.16 6 1
github.com/cuihairu/atlas/internal/store/postgres/postgres.go:266.3,267.1 1 0
github.com/cuihairu/atlas/internal/store/postgres/postgres.go:268.2,268.12 1 1
github.com/cuihairu/atlas/internal/store/postgres/postgres.go:272.2,278.16 3 1
github.com/cuihairu/atlas/internal/store/postgres/postgres.go:279.3,280.1 1 1
github.com/cuihairu/atlas/internal/store/postgres/postgres.go:281.2,281.16 1 1
github.com/cuihairu/atlas/internal/store/postgres/postgres.go:285.2,291.16 3 1
github.com/cuihairu/atlas/internal/store/postgres/postgres.go:292.3,293.1 1 1
github.com/cuihairu/atlas/internal/store/postgres/postgres.go:294.2,294.16 1 1
github.com/cuihairu/atlas/internal/store/postgres/postgres.go:299.2,302.1 4 1
github.com/cuihairu/atlas/internal/store/postgres/postgres.go:303.2,303.23 4 1
github.com/cuihairu/atlas/internal/store/postgres/postgres.go:304.3,307.1 3 1
github.com/cuihairu/atlas/internal/store/postgres/postgres.go:308.2,308.24 1 1
github.com/cuihairu/atlas/internal/store/postgres/postgres.go:309.3,312.1 3 1
github.com/cuihairu/atlas/internal/store/postgres/postgres.go:313.2,313.26 1 1
github.com/cuihairu/atlas/internal/store/postgres/postgres.go:314.3,317.1 3 0
github.com/cuihairu/atlas/internal/store/postgres/postgres.go:318.2,318.25 1 1
github.com/cuihairu/atlas/internal/store/postgres/postgres.go:319.3,322.1 3 0
github.com/cuihairu/atlas/internal/store/postgres/postgres.go:323.2,323.30 1 1
github.com/cuihairu/atlas/internal/store/postgres/postgres.go:324.3,327.1 3 0
github.com/cuihairu/atlas/internal/store/postgres/postgres.go:329.2,329.26 1 1
github.com/cuihairu/atlas/internal/store/postgres/postgres.go:330.3,331.1 1 1
github.com/cuihairu/atlas/internal/store/postgres/postgres.go:333.2,336.1 7 1
github.com/cuihairu/atlas/internal/store/postgres/postgres.go:337.2,340.1 7 1
github.com/cuihairu/atlas/internal/store/postgres/postgres.go:341.2,342.16 7 1
github.com/cuihairu/atlas/internal/store/postgres/postgres.go:343.3,344.1 1 0
github.com/cuihairu/atlas/internal/store/postgres/postgres.go:345.2,345.29 1 1
github.com/cuihairu/atlas/internal/store/postgres/postgres.go:346.3,347.1 1 1
github.com/cuihairu/atlas/internal/store/postgres/postgres.go:348.2,348.12 1 1
github.com/cuihairu/atlas/internal/store/postgres/postgres.go:352.2,354.16 3 1
github.com/cuihairu/atlas/internal/store/postgres/postgres.go:355.3,356.1 1 0
github.com/cuihairu/atlas/internal/store/postgres/postgres.go:357.2,357.29 1 1
github.com/cuihairu/atlas/internal/store/postgres/postgres.go:358.3,359.1 1 1
github.com/cuihairu/atlas/internal/store/postgres/postgres.go:360.2,360.12 1 1
github.com/cuihairu/atlas/internal/store/postgres/postgres.go:364.2,371.16 3 1
github.com/cuihairu/atlas/internal/store/postgres/postgres.go:372.3,373.1 1 0
github.com/cuihairu/atlas/internal/store/postgres/postgres.go:374.2,375.1 2 1
github.com/cuihairu/atlas/internal/store/postgres/postgres.go:376.2,376.29 2 1
github.com/cuihairu/atlas/internal/store/postgres/postgres.go:380.2,380.16 1 1
github.com/cuihairu/atlas/internal/store/postgres/postgres.go:381.3,382.1 1 0
github.com/cuihairu/atlas/internal/store/postgres/postgres.go:383.2,383.17 1 1
github.com/cuihairu/atlas/internal/store/postgres/postgres.go:384.3,385.1 1 0
github.com/cuihairu/atlas/internal/store/postgres/postgres.go:387.2,393.1 4 1
github.com/cuihairu/atlas/internal/store/postgres/postgres.go:394.2,394.18 4 1
github.com/cuihairu/atlas/internal/store/postgres/postgres.go:395.3,398.1 3 1
github.com/cuihairu/atlas/internal/store/postgres/postgres.go:400.2,403.1 5 1
github.com/cuihairu/atlas/internal/store/postgres/postgres.go:404.2,405.16 5 1
github.com/cuihairu/atlas/internal/store/postgres/postgres.go:406.3,407.1 1 0
github.com/cuihairu/atlas/internal/store/postgres/postgres.go:408.2,409.1 2 1
github.com/cuihairu/atlas/internal/store/postgres/postgres.go:410.2,410.29 2 1
github.com/cuihairu/atlas/internal/store/postgres/postgres.go:418.2,418.23 1 1
github.com/cuihairu/atlas/internal/store/postgres/postgres.go:419.3,420.1 1 1
github.com/cuihairu/atlas/internal/store/postgres/postgres.go:421.2,421.24 1 1
github.com/cuihairu/atlas/internal/store/postgres/postgres.go:422.3,423.1 1 0
github.com/cuihairu/atlas/internal/store/postgres/postgres.go:425.2,429.1 4 1
github.com/cuihairu/atlas/internal/store/postgres/postgres.go:430.2,430.23 4 1
github.com/cuihairu/atlas/internal/store/postgres/postgres.go:431.3,434.1 3 1
github.com/cuihairu/atlas/internal/store/postgres/postgres.go:435.2,435.27 1 1
github.com/cuihairu/atlas/internal/store/postgres/postgres.go:436.3,439.1 3 1
github.com/cuihairu/atlas/internal/store/postgres/postgres.go:440.2,440.27 1 1
github.com/cuihairu/atlas/internal/store/postgres/postgres.go:441.3,444.1 3 1
github.com/cuihairu/atlas/internal/store/postgres/postgres.go:445.2,445.28 1 1
github.com/cuihairu/atlas/internal/store/postgres/postgres.go:446.3,449.1 3 1
github.com/cuihairu/atlas/internal/store/postgres/postgres.go:450.2,450.28 1 1
github.com/cuihairu/atlas/internal/store/postgres/postgres.go:451.3,454.1 3 1
github.com/cuihairu/atlas/internal/store/postgres/postgres.go:455.2,455.25 1 1
github.com/cuihairu/atlas/internal/store/postgres/postgres.go:457.3,461.1 4 1
github.com/cuihairu/atlas/internal/store/postgres/postgres.go:463.2,466.1 5 1
github.com/cuihairu/atlas/internal/store/postgres/postgres.go:467.2,468.16 5 1
github.com/cuihairu/atlas/internal/store/postgres/postgres.go:469.3,470.1 1 0
github.com/cuihairu/atlas/internal/store/postgres/postgres.go:471.2,472.1 3 1
github.com/cuihairu/atlas/internal/store/postgres/postgres.go:473.2,474.16 3 1
github.com/cuihairu/atlas/internal/store/postgres/postgres.go:475.3,476.1 1 0
github.com/cuihairu/atlas/internal/store/postgres/postgres.go:478.2,479.21 2 1
github.com/cuihairu/atlas/internal/store/postgres/postgres.go:480.3,482.1 2 1
github.com/cuihairu/atlas/internal/store/postgres/postgres.go:484.2,484.32 1 1
github.com/cuihairu/atlas/internal/store/postgres/postgres.go:492.2,500.16 3 1
github.com/cuihairu/atlas/internal/store/postgres/postgres.go:501.3,502.1 1 0
github.com/cuihairu/atlas/internal/store/postgres/postgres.go:503.2,503.12 1 1
github.com/cuihairu/atlas/internal/store/postgres/postgres.go:507.2,517.16 5 1
github.com/cuihairu/atlas/internal/store/postgres/postgres.go:518.3,518.27 1 1
github.com/cuihairu/atlas/internal/store/postgres/postgres.go:519.4,520.1 1 1
github.com/cuihairu/atlas/internal/store/postgres/postgres.go:521.3,521.58 1 0
github.com/cuihairu/atlas/internal/store/postgres/postgres.go:523.2,524.16 2 1
github.com/cuihairu/atlas/internal/store/postgres/postgres.go:528.2,530.16 3 1
github.com/cuihairu/atlas/internal/store/postgres/postgres.go:531.3,532.1 1 0
github.com/cuihairu/atlas/internal/store/postgres/postgres.go:533.2,533.29 1 1
github.com/cuihairu/atlas/internal/store/postgres/postgres.go:534.3,535.1 1 1
github.com/cuihairu/atlas/internal/store/postgres/postgres.go:536.2,536.12 1 1
github.com/cuihairu/atlas/internal/store/postgres/postgres.go:540.2,540.16 1 1
github.com/cuihairu/atlas/internal/store/postgres/postgres.go:541.3,542.1 1 0
github.com/cuihairu/atlas/internal/store/postgres/postgres.go:543.2,543.17 1 1
github.com/cuihairu/atlas/internal/store/postgres/postgres.go:544.3,545.1 1 0
github.com/cuihairu/atlas/internal/store/postgres/postgres.go:547.2,554.16 3 1
github.com/cuihairu/atlas/internal/store/postgres/postgres.go:555.3,556.1 1 0
github.com/cuihairu/atlas/internal/store/postgres/postgres.go:557.2,558.1 3 1
github.com/cuihairu/atlas/internal/store/postgres/postgres.go:559.2,560.18 3 1
github.com/cuihairu/atlas/internal/store/postgres/postgres.go:561.3,563.116 3 1
github.com/cuihairu/atlas/internal/store/postgres/postgres.go:564.4,565.1 1 0
github.com/cuihairu/atlas/internal/store/postgres/postgres.go:566.3,567.30 2 1
github.com/cuihairu/atlas/internal/store/postgres/postgres.go:569.2,569.35 1 1
github.com/cuihairu/atlas/internal/store/postgres/postgres.go:570.3,571.1 1 0
github.com/cuihairu/atlas/internal/store/postgres/postgres.go:572.2,572.20 1 1
github.com/cuihairu/atlas/internal/store/postgres/postgres.go:580.2,584.1 4 1
github.com/cuihairu/atlas/internal/store/postgres/postgres.go:587.2,589.16 4 1
github.com/cuihairu/atlas/internal/store/postgres/postgres.go:590.3,591.1 1 0
github.com/cuihairu/atlas/internal/store/postgres/postgres.go:592.2,593.1 2 1
github.com/cuihairu/atlas/internal/store/postgres/postgres.go:594.2,594.18 2 1
github.com/cuihairu/atlas/internal/store/postgres/postgres.go:595.3,597.74 3 1
github.com/cuihairu/atlas/internal/store/postgres/postgres.go:598.4,599.1 1 0
github.com/cuihairu/atlas/internal/store/postgres/postgres.go:600.3,604.34 5 1
github.com/cuihairu/atlas/internal/store/postgres/postgres.go:606.2,606.35 1 1
github.com/cuihairu/atlas/internal/store/postgres/postgres.go:607.3,608.1 1 0
github.com/cuihairu/atlas/internal/store/postgres/postgres.go:611.2,613.16 3 1
github.com/cuihairu/atlas/internal/store/postgres/postgres.go:614.3,615.1 1 0
github.com/cuihairu/atlas/internal/store/postgres/postgres.go:616.2,617.1 2 1
github.com/cuihairu/atlas/internal/store/postgres/postgres.go:620.2,620.22 2 1
github.com/cuihairu/atlas/internal/store/postgres/postgres.go:621.3,622.17 2 1
github.com/cuihairu/atlas/internal/store/postgres/postgres.go:623.4,624.1 1 0
github.com/cuihairu/atlas/internal/store/postgres/postgres.go:625.3,625.31 1 1
github.com/cuihairu/atlas/internal/store/postgres/postgres.go:626.4,627.1 1 1
github.com/cuihairu/atlas/internal/store/postgres/postgres.go:630.2,630.19 1 1
github.com/cuihairu/atlas/internal/store/postgres/postgres.go:642.2,651.16 4 1
github.com/cuihairu/atlas/internal/store/postgres/postgres.go:652.3,652.27 1 1
github.com/cuihairu/atlas/internal/store/postgres/postgres.go:653.4,654.1 1 1
github.com/cuihairu/atlas/internal/store/postgres/postgres.go:655.3,655.18 1 0
github.com/cuihairu/atlas/internal/store/postgres/postgres.go:657.2,657.22 1 1
github.com/cuihairu/atlas/internal/store/postgres/postgres.go:658.3,658.60 1 1
github.com/cuihairu/atlas/internal/store/postgres/postgres.go:659.4,660.1 1 0
github.com/cuihairu/atlas/internal/store/postgres/postgres.go:662.2,662.18 1 1
github.com/cuihairu/atlas/internal/store/postgres/postgres.go:666.2,672.16 3 1
github.com/cuihairu/atlas/internal/store/postgres/postgres.go:673.3,673.27 1 1
github.com/cuihairu/atlas/internal/store/postgres/postgres.go:674.4,675.1 1 1
github.com/cuihairu/atlas/internal/store/postgres/postgres.go:676.3,676.18 1 0
github.com/cuihairu/atlas/internal/store/postgres/postgres.go:678.2,678.17 1 1
github.com/cuihairu/atlas/internal/store/postgres/postgres.go:682.2,683.18 2 1
github.com/cuihairu/atlas/internal/store/postgres/postgres.go:684.3,685.17 2 1
github.com/cuihairu/atlas/internal/store/postgres/postgres.go:686.4,687.1 1 0
github.com/cuihairu/atlas/internal/store/postgres/postgres.go:688.3,688.30 1 1
github.com/cuihairu/atlas/internal/store/postgres/postgres.go:690.2,690.35 1 1
github.com/cuihairu/atlas/internal/store/postgres/postgres.go:691.3,692.1 1 0
github.com/cuihairu/atlas/internal/store/postgres/postgres.go:693.2,693.20 1 1
github.com/cuihairu/atlas/internal/store/postgres/postgres.go:697.2,697.18 1 1
github.com/cuihairu/atlas/internal/store/postgres/postgres.go:698.3,699.1 1 0
github.com/cuihairu/atlas/internal/store/postgres/postgres.go:700.2,701.27 2 1
github.com/cuihairu/atlas/internal/store/postgres/postgres.go:702.3,703.1 1 1
github.com/cuihairu/atlas/internal/store/postgres/postgres.go:704.2,704.15 1 1
github.com/cuihairu/atlas/internal/store/postgres/postgres.go:709.2,710.21 2 1
github.com/cuihairu/atlas/internal/store/postgres/postgres.go:711.3,711.68 1 1
github.com/cuihairu/atlas/internal/store/postgres/postgres.go:712.4,713.1 1 1
github.com/cuihairu/atlas/internal/store/postgres/postgres.go:715.2,715.28 1 0
github.com/cuihairu/atlas/internal/store/postgres/postgres.go:726.2,726.20 1 1
github.com/cuihairu/atlas/internal/store/postgres/postgres.go:727.3,728.1 1 1
github.com/cuihairu/atlas/internal/store/postgres/postgres.go:731.2,737.16 4 1
github.com/cuihairu/atlas/internal/store/postgres/postgres.go:738.3,739.1 1 0
github.com/cuihairu/atlas/internal/store/postgres/postgres.go:740.2,740.29 1 1
github.com/cuihairu/atlas/internal/store/postgres/postgres.go:741.3,742.1 1 1
github.com/cuihairu/atlas/internal/store/postgres/postgres.go:743.2,743.12 1 1
github.com/cuihairu/atlas/internal/store/postgres/postgres.go:747.2,750.1 2 1
github.com/cuihairu/atlas/internal/store/postgres/postgres.go:753.2,755.15 3 0
github.com/cuihairu/atlas/internal/store/postgres/postgres.go:756.3,758.1 2 0
github.com/cuihairu/atlas/internal/store/postgres/postgres.go:759.2,760.16 2 0
github.com/cuihairu/atlas/internal/store/postgres/postgres.go:761.3,762.1 1 0
github.com/cuihairu/atlas/internal/store/postgres/postgres.go:763.2,764.1 3 0
github.com/cuihairu/atlas/internal/store/postgres/postgres.go:765.2,766.18 3 0
github.com/cuihairu/atlas/internal/store/postgres/postgres.go:767.3,768.17 2 0
github.com/cuihairu/atlas/internal/store/postgres/postgres.go:769.4,770.1 1 0
github.com/cuihairu/atlas/internal/store/postgres/postgres.go:771.3,771.23 1 0
github.com/cuihairu/atlas/internal/store/postgres/postgres.go:773.2,773.24 1 0
github.com/cuihairu/atlas/internal/store/postgres/postgres.go:777.2,777.21 1 1
github.com/cuihairu/atlas/internal/store/postgres/postgres.go:778.3,779.1 1 1
github.com/cuihairu/atlas/internal/store/postgres/postgres.go:782.2,788.16 4 1
github.com/cuihairu/atlas/internal/store/postgres/postgres.go:792.3,793.54 2 1
github.com/cuihairu/atlas/internal/store/postgres/postgres.go:794.4,795.1 1 1
github.com/cuihairu/atlas/internal/store/postgres/postgres.go:796.3,796.45 1 0
github.com/cuihairu/atlas/internal/store/postgres/postgres.go:798.2,798.29 1 1
github.com/cuihairu/atlas/internal/store/postgres/postgres.go:799.3,800.1 1 1
github.com/cuihairu/atlas/internal/store/postgres/postgres.go:801.2,801.12 1 1
github.com/cuihairu/atlas/internal/store/postgres/postgres.go:805.2,808.1 2 1
github.com/cuihairu/atlas/internal/store/postgres/postgres.go:811.2,813.19 3 1
github.com/cuihairu/atlas/internal/store/postgres/postgres.go:814.3,816.1 2 1
github.com/cuihairu/atlas/internal/store/postgres/postgres.go:817.2,818.15 2 1
github.com/cuihairu/atlas/internal/store/postgres/postgres.go:819.3,821.1 2 1
github.com/cuihairu/atlas/internal/store/postgres/postgres.go:822.2,823.16 2 1
github.com/cuihairu/atlas/internal/store/postgres/postgres.go:824.3,825.1 1 0
github.com/cuihairu/atlas/internal/store/postgres/postgres.go:826.2,827.1 3 1
github.com/cuihairu/atlas/internal/store/postgres/postgres.go:828.2,829.18 3 1
github.com/cuihairu/atlas/internal/store/postgres/postgres.go:830.3,831.17 2 1
github.com/cuihairu/atlas/internal/store/postgres/postgres.go:832.4,833.1 1 0
github.com/cuihairu/atlas/internal/store/postgres/postgres.go:834.3,834.24 1 1
github.com/cuihairu/atlas/internal/store/postgres/postgres.go:836.2,836.24 1 1
github.com/cuihairu/atlas/internal/store/postgres/postgres.go:840.2,841.85 2 1
github.com/cuihairu/atlas/internal/store/postgres/postgres.go:842.3,842.27 1 1
github.com/cuihairu/atlas/internal/store/postgres/postgres.go:843.4,844.1 1 1
github.com/cuihairu/atlas/internal/store/postgres/postgres.go:845.3,845.18 1 0
github.com/cuihairu/atlas/internal/store/postgres/postgres.go:847.2,847.16 1 1
github.com/cuihairu/atlas/internal/store/postgres/postgres.go:851.2,852.91 2 1
github.com/cuihairu/atlas/internal/store/postgres/postgres.go:853.3,853.27 1 0
github.com/cuihairu/atlas/internal/store/postgres/postgres.go:854.4,855.1 1 0
github.com/cuihairu/atlas/internal/store/postgres/postgres.go:856.3,856.18 1 0
github.com/cuihairu/atlas/internal/store/postgres/postgres.go:858.2,858.17 1 1
github.com/cuihairu/atlas/internal/store/postgres/postgres.go:864.2,872.16 4 1
github.com/cuihairu/atlas/internal/store/postgres/postgres.go:873.3,874.1 1 0
github.com/cuihairu/atlas/internal/store/postgres/postgres.go:875.2,875.29 1 1
github.com/cuihairu/atlas/internal/store/postgres/postgres.go:876.3,877.1 1 1
github.com/cuihairu/atlas/internal/store/postgres/postgres.go:878.2,878.12 1 1
github.com/cuihairu/atlas/internal/store/postgres/postgres.go:882.2,886.1 2 1
github.com/cuihairu/atlas/internal/store/postgres/postgres.go:889.2,890.16 2 1
github.com/cuihairu/atlas/internal/store/postgres/postgres.go:891.3,892.1 1 0
github.com/cuihairu/atlas/internal/store/postgres/postgres.go:893.2,893.12 1 1
github.com/cuihairu/atlas/internal/store/postgres/postgres.go:897.2,901.20 4 1
github.com/cuihairu/atlas/internal/store/postgres/postgres.go:902.3,905.1 3 1
github.com/cuihairu/atlas/internal/store/postgres/postgres.go:906.2,907.15 2 1
github.com/cuihairu/atlas/internal/store/postgres/postgres.go:908.3,910.1 2 1
github.com/cuihairu/atlas/internal/store/postgres/postgres.go:911.2,912.16 2 1
github.com/cuihairu/atlas/internal/store/postgres/postgres.go:913.3,914.1 1 0
github.com/cuihairu/atlas/internal/store/postgres/postgres.go:915.2,916.1 3 1
github.com/cuihairu/atlas/internal/store/postgres/postgres.go:917.2,918.18 3 1
github.com/cuihairu/atlas/internal/store/postgres/postgres.go:919.3,920.17 2 1
github.com/cuihairu/atlas/internal/store/postgres/postgres.go:921.4,922.1 1 0
github.com/cuihairu/atlas/internal/store/postgres/postgres.go:923.3,923.23 1 1
github.com/cuihairu/atlas/internal/store/postgres/postgres.go:925.2,925.24 1 1
github.com/cuihairu/atlas/internal/store/postgres/postgres.go:929.2,931.16 2 1
github.com/cuihairu/atlas/internal/store/postgres/postgres.go:932.3,933.1 1 0
github.com/cuihairu/atlas/internal/store/postgres/postgres.go:934.2,934.29 1 1
github.com/cuihairu/atlas/internal/store/postgres/postgres.go:935.3,936.1 1 1
github.com/cuihairu/atlas/internal/store/postgres/postgres.go:937.2,937.12 1 1
github.com/cuihairu/atlas/internal/store/postgres/postgres.go:941.2,944.16 4 1
github.com/cuihairu/atlas/internal/store/postgres/postgres.go:945.3,945.27 1 1
github.com/cuihairu/atlas/internal/store/postgres/postgres.go:946.4,947.1 1 1
github.com/cuihairu/atlas/internal/store/postgres/postgres.go:948.3,948.18 1 0
github.com/cuihairu/atlas/internal/store/postgres/postgres.go:950.2,951.16 2 1
github.com/cuihairu/atlas/internal/store/postgres/postgres.go:955.2,963.16 4 1
github.com/cuihairu/atlas/internal/store/postgres/postgres.go:964.3,965.1 1 0
github.com/cuihairu/atlas/internal/store/postgres/postgres.go:966.2,966.29 1 1
github.com/cuihairu/atlas/internal/store/postgres/postgres.go:967.3,968.1 1 1
github.com/cuihairu/atlas/internal/store/postgres/postgres.go:969.2,969.12 1 1
github.com/cuihairu/atlas/internal/store/postgres/postgres.go:973.2,977.1 2 1
github.com/cuihairu/atlas/internal/store/postgres/postgres.go:980.2,981.16 2 1
github.com/cuihairu/atlas/internal/store/postgres/postgres.go:982.3,983.1 1 0
github.com/cuihairu/atlas/internal/store/postgres/postgres.go:984.2,984.12 1 1
github.com/cuihairu/atlas/internal/store/postgres/postgres.go:988.2,992.22 4 1
github.com/cuihairu/atlas/internal/store/postgres/postgres.go:994.3,997.1 3 1
github.com/cuihairu/atlas/internal/store/postgres/postgres.go:998.2,998.18 1 1
github.com/cuihairu/atlas/internal/store/postgres/postgres.go:999.3,1000.1 1 1
github.com/cuihairu/atlas/internal/store/postgres/postgres.go:1001.2,1002.17 2 1
github.com/cuihairu/atlas/internal/store/postgres/postgres.go:1003.3,1005.1 2 0
github.com/cuihairu/atlas/internal/store/postgres/postgres.go:1006.2,1007.16 2 1
github.com/cuihairu/atlas/internal/store/postgres/postgres.go:1008.3,1009.1 1 0
github.com/cuihairu/atlas/internal/store/postgres/postgres.go:1010.2,1011.1 3 1
github.com/cuihairu/atlas/internal/store/postgres/postgres.go:1012.2,1013.18 3 1
github.com/cuihairu/atlas/internal/store/postgres/postgres.go:1014.3,1015.17 2 1
github.com/cuihairu/atlas/internal/store/postgres/postgres.go:1016.4,1017.1 1 0
github.com/cuihairu/atlas/internal/store/postgres/postgres.go:1018.3,1018.23 1 1
github.com/cuihairu/atlas/internal/store/postgres/postgres.go:1020.2,1020.24 1 1
github.com/cuihairu/atlas/internal/store/postgres/postgres.go:1024.2,1026.16 3 1
github.com/cuihairu/atlas/internal/store/postgres/postgres.go:1027.3,1027.27 1 1
github.com/cuihairu/atlas/internal/store/postgres/postgres.go:1028.4,1029.1 1 1
github.com/cuihairu/atlas/internal/store/postgres/postgres.go:1030.3,1030.18 1 0
github.com/cuihairu/atlas/internal/store/postgres/postgres.go:1032.2,1032.16 1 1
github.com/cuihairu/atlas/internal/store/redisstore/redis.go:31.2,32.1 1 1
github.com/cuihairu/atlas/internal/store/redisstore/redis.go:36.2,37.1 1 0
github.com/cuihairu/atlas/internal/store/redisstore/redis.go:41.2,42.1 1 0
github.com/cuihairu/atlas/internal/store/redisstore/redis.go:46.2,47.1 1 1
github.com/cuihairu/atlas/internal/store/redisstore/redis.go:51.2,53.1 8 1
github.com/cuihairu/atlas/internal/store/redisstore/redis.go:54.2,59.1 8 1
github.com/cuihairu/atlas/internal/store/redisstore/redis.go:61.2,64.1 8 1
github.com/cuihairu/atlas/internal/store/redisstore/redis.go:65.2,66.16 8 1
github.com/cuihairu/atlas/internal/store/redisstore/redis.go:67.3,68.1 1 0
github.com/cuihairu/atlas/internal/store/redisstore/redis.go:69.2,69.12 1 1
github.com/cuihairu/atlas/internal/store/redisstore/redis.go:74.2,75.1 3 1
github.com/cuihairu/atlas/internal/store/redisstore/redis.go:76.2,77.16 3 1
github.com/cuihairu/atlas/internal/store/redisstore/redis.go:78.3,79.1 1 0
github.com/cuihairu/atlas/internal/store/redisstore/redis.go:80.2,80.20 1 1
github.com/cuihairu/atlas/internal/store/redisstore/redis.go:81.3,82.1 1 1
github.com/cuihairu/atlas/internal/store/redisstore/redis.go:84.2,84.33 1 1
github.com/cuihairu/atlas/internal/store/redisstore/redis.go:91.2,93.1 2 1
github.com/cuihairu/atlas/internal/store/redisstore/redis.go:95.2,95.34 2 1
github.com/cuihairu/atlas/internal/store/redisstore/redis.go:96.3,97.1 1 1
github.com/cuihairu/atlas/internal/store/redisstore/redis.go:98.2,98.31 1 1
github.com/cuihairu/atlas/internal/store/redisstore/redis.go:99.3,100.1 1 1
github.com/cuihairu/atlas/internal/store/redisstore/redis.go:101.2,101.39 1 1
github.com/cuihairu/atlas/internal/store/redisstore/redis.go:102.3,103.17 2 1
github.com/cuihairu/atlas/internal/store/redisstore/redis.go:104.4,105.1 1 1
github.com/cuihairu/atlas/internal/store/redisstore/redis.go:107.2,107.11 1 1
github.com/cuihairu/atlas/internal/store/redisstore/redis.go:114.2,116.1 4 1
github.com/cuihairu/atlas/internal/store/redisstore/redis.go:117.2,118.21 4 1
github.com/cuihairu/atlas/internal/store/redisstore/redis.go:119.3,121.17 3 1
github.com/cuihairu/atlas/internal/store/redisstore/redis.go:122.4,123.1 1 0
github.com/cuihairu/atlas/internal/store/redisstore/redis.go:124.3,124.21 1 1
github.com/cuihairu/atlas/internal/store/redisstore/redis.go:125.4,125.12 1 0
github.com/cuihairu/atlas/internal/store/redisstore/redis.go:127.3,128.33 2 1
github.com/cuihairu/atlas/internal/store/redisstore/redis.go:130.2,130.35 1 1
github.com/cuihairu/atlas/internal/store/redisstore/redis.go:131.3,132.1 1 0
github.com/cuihairu/atlas/internal/store/redisstore/redis.go:133.2,133.17 1 1
github.com/cuihairu/atlas/internal/store/redisstore/redis.go:138.2,139.1 3 1
github.com/cuihairu/atlas/internal/store/redisstore/redis.go:140.2,141.16 3 1
github.com/cuihairu/atlas/internal/store/redisstore/redis.go:142.3,143.1 1 0
github.com/cuihairu/atlas/internal/store/redisstore/redis.go:144.2,144.12 1 1
github.com/cuihairu/atlas/internal/store/redisstore/redis.go:145.3,146.1 1 1
github.com/cuihairu/atlas/internal/store/redisstore/redis.go:147.2,147.12 1 1
github.com/cuihairu/atlas/internal/store/sharded/reshard.go:26.2,26.20 1 1
github.com/cuihairu/atlas/internal/store/sharded/reshard.go:27.3,28.1 1 0
github.com/cuihairu/atlas/internal/store/sharded/reshard.go:30.2,32.6 3 1
github.com/cuihairu/atlas/internal/store/sharded/reshard.go:33.3,34.17 2 1
github.com/cuihairu/atlas/internal/store/sharded/reshard.go:35.4,36.1 1 0
github.com/cuihairu/atlas/internal/store/sharded/reshard.go:38.3,38.27 1 1
github.com/cuihairu/atlas/internal/store/sharded/reshard.go:39.4,39.55 1 1
github.com/cuihairu/atlas/internal/store/sharded/reshard.go:40.5,41.1 1 0
github.com/cuihairu/atlas/internal/store/sharded/reshard.go:43.3,44.1 2 1
github.com/cuihairu/atlas/internal/store/sharded/reshard.go:48.3,48.53 2 1
github.com/cuihairu/atlas/internal/store/sharded/reshard.go:49.4,50.1 1 1
github.com/cuihairu/atlas/internal/store/sharded/reshard.go:51.3,51.16 1 1
github.com/cuihairu/atlas/internal/store/sharded/sharded.go:34.2,34.22 1 1
github.com/cuihairu/atlas/internal/store/sharded/sharded.go:35.3,35.51 1 1
github.com/cuihairu/atlas/internal/store/sharded/sharded.go:37.2,37.21 1 1
github.com/cuihairu/atlas/internal/store/sharded/sharded.go:38.3,39.1 1 0
github.com/cuihairu/atlas/internal/store/sharded/sharded.go:40.2,40.28 1 1
github.com/cuihairu/atlas/internal/store/sharded/sharded.go:41.3,41.16 1 1
github.com/cuihairu/atlas/internal/store/sharded/sharded.go:42.4,42.53 1 0
github.com/cuihairu/atlas/internal/store/sharded/sharded.go:45.2,45.51 1 1
github.com/cuihairu/atlas/internal/store/sharded/sharded.go:49.51,49.68 1 1
github.com/cuihairu/atlas/internal/store/sharded/sharded.go:53.2,54.1 1 1
github.com/cuihairu/atlas/internal/store/sharded/sharded.go:61.2,62.1 1 1
github.com/cuihairu/atlas/internal/store/sharded/sharded.go:65.2,66.1 1 1
github.com/cuihairu/atlas/internal/store/sharded/sharded.go:69.2,70.1 1 1
github.com/cuihairu/atlas/internal/store/sharded/sharded.go:73.2,74.1 1 1
github.com/cuihairu/atlas/internal/store/sharded/sharded.go:77.2,78.1 1 1
github.com/cuihairu/atlas/internal/store/sharded/sharded.go:88.2,88.30 1 1
github.com/cuihairu/atlas/internal/store/sharded/sharded.go:89.3,90.17 2 1
github.com/cuihairu/atlas/internal/store/sharded/sharded.go:91.4,92.1 1 1
github.com/cuihairu/atlas/internal/store/sharded/sharded.go:93.3,93.29 1 1
github.com/cuihairu/atlas/internal/store/sharded/sharded.go:94.4,95.1 1 0
github.com/cuihairu/atlas/internal/store/sharded/sharded.go:97.2,97.79 1 1
github.com/cuihairu/atlas/internal/store/sharded/sharded.go:104.2,104.16 1 1
github.com/cuihairu/atlas/internal/store/sharded/sharded.go:105.3,106.1 1 1
github.com/cuihairu/atlas/internal/store/sharded/sharded.go:107.2,107.17 1 1
github.com/cuihairu/atlas/internal/store/sharded/sharded.go:108.3,109.1 1 0
github.com/cuihairu/atlas/internal/store/sharded/sharded.go:111.2,112.30 2 1
github.com/cuihairu/atlas/internal/store/sharded/sharded.go:113.3,114.17 2 1
github.com/cuihairu/atlas/internal/store/sharded/sharded.go:115.4,116.1 1 0
github.com/cuihairu/atlas/internal/store/sharded/sharded.go:117.3,117.30 1 1
github.com/cuihairu/atlas/internal/store/sharded/sharded.go:120.2,120.58 1 1
github.com/cuihairu/atlas/internal/store/sharded/sharded.go:120.60,120.98 1 1
github.com/cuihairu/atlas/internal/store/sharded/sharded.go:121.2,121.25 1 1
github.com/cuihairu/atlas/internal/store/sharded/sharded.go:122.3,123.1 1 1
github.com/cuihairu/atlas/internal/store/sharded/sharded.go:124.2,124.20 1 1
github.com/cuihairu/atlas/internal/store/sharded/sharded.go:133.2,133.23 1 1
github.com/cuihairu/atlas/internal/store/sharded/sharded.go:134.3,135.1 1 0
github.com/cuihairu/atlas/internal/store/sharded/sharded.go:136.2,136.24 1 1
github.com/cuihairu/atlas/internal/store/sharded/sharded.go:137.3,138.1 1 0
github.com/cuihairu/atlas/internal/store/sharded/sharded.go:140.2,141.30 2 1
github.com/cuihairu/atlas/internal/store/sharded/sharded.go:142.3,143.17 2 1
github.com/cuihairu/atlas/internal/store/sharded/sharded.go:144.4,145.1 1 0
github.com/cuihairu/atlas/internal/store/sharded/sharded.go:146.3,146.30 1 1
github.com/cuihairu/atlas/internal/store/sharded/sharded.go:149.2,149.58 1 1
github.com/cuihairu/atlas/internal/store/sharded/sharded.go:150.3,150.31 1 1
github.com/cuihairu/atlas/internal/store/sharded/sharded.go:151.4,152.1 1 1
github.com/cuihairu/atlas/internal/store/sharded/sharded.go:153.3,153.39 1 1
github.com/cuihairu/atlas/internal/store/sharded/sharded.go:156.2,157.32 2 1
github.com/cuihairu/atlas/internal/store/sharded/sharded.go:158.3,159.1 1 1
github.com/cuihairu/atlas/internal/store/sharded/sharded.go:160.2,160.21 1 1
github.com/cuihairu/atlas/internal/store/sharded/sharded.go:161.3,163.1 2 1
github.com/cuihairu/atlas/internal/store/sharded/sharded.go:164.2,164.32 1 1
github.com/cuihairu/atlas/internal/store/sharded/sharded.go:170.2,171.26 2 1
github.com/cuihairu/atlas/internal/store/sharded/sharded.go:172.3,173.1 1 1
github.com/cuihairu/atlas/internal/store/sharded/sharded.go:174.2,175.26 2 1
github.com/cuihairu/atlas/internal/store/sharded/sharded.go:176.3,177.1 1 1
github.com/cuihairu/atlas/internal/store/sharded/sharded.go:178.2,178.41 1 1
github.com/cuihairu/atlas/internal/store/sharded/sharded.go:178.43,178.78 1 1
github.com/cuihairu/atlas/internal/store/sharded/sharded.go:179.2,179.15 1 1
github.com/cuihairu/atlas/internal/store/storetest/contract.go:44.2,45.1 1 1
github.com/cuihairu/atlas/internal/store/storetest/contract.go:51.2,53.11 3 1
github.com/cuihairu/atlas/internal/store/storetest/contract.go:54.3,55.1 1 1
github.com/cuihairu/atlas/internal/store/storetest/contract.go:56.2,56.26 1 1
github.com/cuihairu/atlas/internal/store/storetest/contract.go:57.3,58.1 1 0
github.com/cuihairu/atlas/internal/store/storetest/contract.go:66.2,68.1 3 1
github.com/cuihairu/atlas/internal/store/storetest/contract.go:69.2,69.43 3 1
github.com/cuihairu/atlas/internal/store/storetest/contract.go:69.45,69.70 1 1
github.com/cuihairu/atlas/internal/store/storetest/contract.go:70.2,70.38 1 1
github.com/cuihairu/atlas/internal/store/storetest/contract.go:70.40,70.60 1 1
github.com/cuihairu/atlas/internal/store/storetest/contract.go:71.2,71.41 1 1
github.com/cuihairu/atlas/internal/store/storetest/contract.go:71.43,71.66 1 1
github.com/cuihairu/atlas/internal/store/storetest/contract.go:72.2,72.41 1 1
github.com/cuihairu/atlas/internal/store/storetest/contract.go:72.43,72.66 1 1
github.com/cuihairu/atlas/internal/store/storetest/contract.go:73.2,73.42 1 1
github.com/cuihairu/atlas/internal/store/storetest/contract.go:73.44,73.68 1 1
github.com/cuihairu/atlas/internal/store/storetest/contract.go:74.2,74.44 1 1
github.com/cuihairu/atlas/internal/store/storetest/contract.go:74.46,74.72 1 1
github.com/cuihairu/atlas/internal/store/storetest/contract.go:75.2,75.36 1 1
github.com/cuihairu/atlas/internal/store/storetest/contract.go:75.38,75.60 1 1
github.com/cuihairu/atlas/internal/store/storetest/contract.go:81.2,82.1 3 1
github.com/cuihairu/atlas/internal/store/storetest/contract.go:83.2,84.104 3 1
github.com/cuihairu/atlas/internal/store/storetest/contract.go:85.3,86.1 1 0
github.com/cuihairu/atlas/internal/store/storetest/contract.go:87.2,88.103 2 1
github.com/cuihairu/atlas/internal/store/storetest/contract.go:89.3,90.1 1 0
github.com/cuihairu/atlas/internal/store/storetest/contract.go:91.2,91.25 1 1
github.com/cuihairu/atlas/internal/store/storetest/contract.go:97.2,100.1 5 1
github.com/cuihairu/atlas/internal/store/storetest/contract.go:101.2,102.50 5 1
github.com/cuihairu/atlas/internal/store/storetest/contract.go:103.3,104.1 1 0
github.com/cuihairu/atlas/internal/store/storetest/contract.go:105.2,105.30 1 1
github.com/cuihairu/atlas/internal/store/storetest/contract.go:106.3,107.1 1 0
github.com/cuihairu/atlas/internal/store/storetest/contract.go:109.2,110.16 2 1
github.com/cuihairu/atlas/internal/store/storetest/contract.go:111.3,112.1 1 0
github.com/cuihairu/atlas/internal/store/storetest/contract.go:113.2,113.53 1 1
github.com/cuihairu/atlas/internal/store/storetest/contract.go:114.3,115.1 1 0
github.com/cuihairu/atlas/internal/store/storetest/contract.go:116.2,116.28 1 1
github.com/cuihairu/atlas/internal/store/storetest/contract.go:117.3,118.1 1 0
github.com/cuihairu/atlas/internal/store/storetest/contract.go:119.2,119.28 1 1
github.com/cuihairu/atlas/internal/store/storetest/contract.go:120.3,121.1 1 0
github.com/cuihairu/atlas/internal/store/storetest/contract.go:122.2,123.1 2 1
github.com/cuihairu/atlas/internal/store/storetest/contract.go:124.2,124.83 2 1
github.com/cuihairu/atlas/internal/store/storetest/contract.go:125.3,126.1 1 0
github.com/cuihairu/atlas/internal/store/storetest/contract.go:126.9,126.29 1 1
github.com/cuihairu/atlas/internal/store/storetest/contract.go:127.3,128.1 1 0
github.com/cuihairu/atlas/internal/store/storetest/contract.go:129.2,129.62 1 1
github.com/cuihairu/atlas/internal/store/storetest/contract.go:130.3,131.1 1 0
github.com/cuihairu/atlas/internal/store/storetest/contract.go:132.2,132.118 1 1
github.com/cuihairu/atlas/internal/store/storetest/contract.go:135.3,136.1 1 0
github.com/cuihairu/atlas/internal/store/storetest/contract.go:139.2,140.90 2 1
github.com/cuihairu/atlas/internal/store/storetest/contract.go:141.3,142.1 1 0
github.com/cuihairu/atlas/internal/store/storetest/contract.go:143.2,143.100 1 1
github.com/cuihairu/atlas/internal/store/storetest/contract.go:144.3,145.1 1 0
github.com/cuihairu/atlas/internal/store/storetest/contract.go:146.2,146.110 1 1
github.com/cuihairu/atlas/internal/store/storetest/contract.go:147.3,148.1 1 0
github.com/cuihairu/atlas/internal/store/storetest/contract.go:149.2,150.16 2 1
github.com/cuihairu/atlas/internal/store/storetest/contract.go:151.3,152.1 1 0
github.com/cuihairu/atlas/internal/store/storetest/contract.go:153.2,153.52 1 1
github.com/cuihairu/atlas/internal/store/storetest/contract.go:154.3,155.1 1 0
github.com/cuihairu/atlas/internal/store/storetest/contract.go:156.2,156.30 1 1
github.com/cuihairu/atlas/internal/store/storetest/contract.go:157.3,158.1 1 0
github.com/cuihairu/atlas/internal/store/storetest/contract.go:159.2,159.30 1 1
github.com/cuihairu/atlas/internal/store/storetest/contract.go:160.3,161.1 1 0
github.com/cuihairu/atlas/internal/store/storetest/contract.go:162.2,162.107 1 1
github.com/cuihairu/atlas/internal/store/storetest/contract.go:163.3,164.1 1 0
github.com/cuihairu/atlas/internal/store/storetest/contract.go:165.2,166.16 2 1
github.com/cuihairu/atlas/internal/store/storetest/contract.go:167.3,168.1 1 0
github.com/cuihairu/atlas/internal/store/storetest/contract.go:169.2,169.51 1 1
github.com/cuihairu/atlas/internal/store/storetest/contract.go:170.3,171.1 1 0
github.com/cuihairu/atlas/internal/store/storetest/contract.go:172.2,172.72 1 1
github.com/cuihairu/atlas/internal/store/storetest/contract.go:173.3,174.1 1 0
github.com/cuihairu/atlas/internal/store/storetest/contract.go:182.2,184.1 4 1
github.com/cuihairu/atlas/internal/store/storetest/contract.go:186.2,192.1 4 1
github.com/cuihairu/atlas/internal/store/storetest/contract.go:193.2,193.51 4 1
github.com/cuihairu/atlas/internal/store/storetest/contract.go:194.3,195.1 1 0
github.com/cuihairu/atlas/internal/store/storetest/contract.go:196.2,196.40 1 1
github.com/cuihairu/atlas/internal/store/storetest/contract.go:197.3,198.1 1 0
github.com/cuihairu/atlas/internal/store/storetest/contract.go:199.2,199.54 1 1
github.com/cuihairu/atlas/internal/store/storetest/contract.go:200.3,201.1 1 0
github.com/cuihairu/atlas/internal/store/storetest/contract.go:203.2,204.16 2 1
github.com/cuihairu/atlas/internal/store/storetest/contract.go:205.3,206.1 1 0
github.com/cuihairu/atlas/internal/store/storetest/contract.go:207.2,210.62 1 1
github.com/cuihairu/atlas/internal/store/storetest/contract.go:211.3,212.1 1 0
github.com/cuihairu/atlas/internal/store/storetest/contract.go:213.2,213.100 1 1
github.com/cuihairu/atlas/internal/store/storetest/contract.go:214.3,215.1 1 0
github.com/cuihairu/atlas/internal/store/storetest/contract.go:216.2,216.22 1 1
github.com/cuihairu/atlas/internal/store/storetest/contract.go:217.3,218.1 1 0
github.com/cuihairu/atlas/internal/store/storetest/contract.go:219.2,220.1 3 1
github.com/cuihairu/atlas/internal/store/storetest/contract.go:223.2,229.1 3 1
github.com/cuihairu/atlas/internal/store/storetest/contract.go:230.2,230.51 3 1
github.com/cuihairu/atlas/internal/store/storetest/contract.go:231.3,232.1 1 0
github.com/cuihairu/atlas/internal/store/storetest/contract.go:233.2,235.16 3 1
github.com/cuihairu/atlas/internal/store/storetest/contract.go:236.3,237.1 1 0
github.com/cuihairu/atlas/internal/store/storetest/contract.go:238.2,239.89 1 1
github.com/cuihairu/atlas/internal/store/storetest/contract.go:240.3,241.1 1 0
github.com/cuihairu/atlas/internal/store/storetest/contract.go:242.2,243.40 2 1
github.com/cuihairu/atlas/internal/store/storetest/contract.go:244.3,245.1 1 0
github.com/cuihairu/atlas/internal/store/storetest/contract.go:249.2,257.1 2 1
github.com/cuihairu/atlas/internal/store/storetest/contract.go:258.2,258.30 2 1
github.com/cuihairu/atlas/internal/store/storetest/contract.go:259.3,259.67 1 1
github.com/cuihairu/atlas/internal/store/storetest/contract.go:260.4,261.1 1 0
github.com/cuihairu/atlas/internal/store/storetest/contract.go:262.3,266.18 1 1
github.com/cuihairu/atlas/internal/store/storetest/contract.go:267.4,268.1 1 0
github.com/cuihairu/atlas/internal/store/storetest/contract.go:269.3,270.17 2 1
github.com/cuihairu/atlas/internal/store/storetest/contract.go:271.4,272.1 1 0
github.com/cuihairu/atlas/internal/store/storetest/contract.go:273.3,273.28 1 1
github.com/cuihairu/atlas/internal/store/storetest/contract.go:274.4,275.1 1 0
github.com/cuihairu/atlas/internal/store/storetest/contract.go:280.2,283.1 2 1
github.com/cuihairu/atlas/internal/store/storetest/contract.go:284.2,284.62 2 1
github.com/cuihairu/atlas/internal/store/storetest/contract.go:285.3,286.1 1 0
github.com/cuihairu/atlas/internal/store/storetest/contract.go:287.2,290.17 1 1
github.com/cuihairu/atlas/internal/store/storetest/contract.go:291.3,292.1 1 0
github.com/cuihairu/atlas/internal/store/storetest/contract.go:293.2,294.16 2 1
github.com/cuihairu/atlas/internal/store/storetest/contract.go:295.3,296.1 1 0
github.com/cuihairu/atlas/internal/store/storetest/contract.go:297.2,297.24 1 1
github.com/cuihairu/atlas/internal/store/storetest/contract.go:298.3,299.1 1 0
github.com/cuihairu/atlas/internal/store/storetest/contract.go:300.2,300.43 1 1
github.com/cuihairu/atlas/internal/store/storetest/contract.go:301.3,302.1 1 0
github.com/cuihairu/atlas/internal/store/storetest/contract.go:303.2,303.31 1 1
github.com/cuihairu/atlas/internal/store/storetest/contract.go:304.3,304.46 1 1
github.com/cuihairu/atlas/internal/store/storetest/contract.go:305.4,306.1 1 0
github.com/cuihairu/atlas/internal/store/storetest/contract.go:307.3,307.43 1 1
github.com/cuihairu/atlas/internal/store/storetest/contract.go:308.4,309.1 1 0
github.com/cuihairu/atlas/internal/store/storetest/contract.go:312.2,312.61 1 1
github.com/cuihairu/atlas/internal/store/storetest/contract.go:313.3,314.1 1 0
github.com/cuihairu/atlas/internal/store/storetest/contract.go:315.2,316.16 2 1
github.com/cuihairu/atlas/internal/store/storetest/contract.go:317.3,318.1 1 0
github.com/cuihairu/atlas/internal/store/storetest/contract.go:319.2,319.24 1 1
github.com/cuihairu/atlas/internal/store/storetest/contract.go:320.3,321.1 1 0
github.com/cuihairu/atlas/internal/store/storetest/contract.go:326.2,329.17 1 1
github.com/cuihairu/atlas/internal/store/storetest/contract.go:330.3,331.1 1 0
github.com/cuihairu/atlas/internal/store/storetest/contract.go:332.2,332.55 1 1
github.com/cuihairu/atlas/internal/store/storetest/contract.go:333.3,334.1 1 0
github.com/cuihairu/atlas/internal/store/storetest/contract.go:334.9,334.55 1 1
github.com/cuihairu/atlas/internal/store/storetest/contract.go:335.3,336.1 1 0
github.com/cuihairu/atlas/internal/store/storetest/contract.go:340.2,343.17 1 1
github.com/cuihairu/atlas/internal/store/storetest/contract.go:344.3,345.1 1 0
github.com/cuihairu/atlas/internal/store/storetest/contract.go:346.2,346.80 1 1
github.com/cuihairu/atlas/internal/store/storetest/contract.go:347.3,348.1 1 0
github.com/cuihairu/atlas/internal/store/storetest/contract.go:351.2,352.57 2 1
github.com/cuihairu/atlas/internal/store/storetest/contract.go:353.3,354.1 1 0
github.com/cuihairu/atlas/internal/store/storetest/contract.go:355.2,355.83 1 1
github.com/cuihairu/atlas/internal/store/storetest/contract.go:356.3,357.1 1 0
github.com/cuihairu/atlas/internal/store/storetest/contract.go:358.2,358.66 1 1
github.com/cuihairu/atlas/internal/store/storetest/contract.go:359.3,360.1 1 0
github.com/cuihairu/atlas/internal/store/storetest/contract.go:361.2,361.57 1 1
github.com/cuihairu/atlas/internal/store/storetest/contract.go:362.3,363.1 1 0
github.com/cuihairu/atlas/internal/store/storetest/contract.go:366.2,370.1 2 1
github.com/cuihairu/atlas/internal/store/storetest/contract.go:371.2,371.52 2 1
github.com/cuihairu/atlas/internal/store/storetest/contract.go:372.3,373.1 1 0
github.com/cuihairu/atlas/internal/store/storetest/contract.go:374.2,378.1 2 1
github.com/cuihairu/atlas/internal/store/storetest/contract.go:379.2,379.52 2 1
github.com/cuihairu/atlas/internal/store/storetest/contract.go:380.3,381.1 1 0
github.com/cuihairu/atlas/internal/store/storetest/contract.go:383.2,383.59 1 1
github.com/cuihairu/atlas/internal/store/storetest/contract.go:384.3,387.17 4 1
github.com/cuihairu/atlas/internal/store/storetest/contract.go:388.4,389.1 1 0
github.com/cuihairu/atlas/internal/store/storetest/contract.go:390.3,390.13 1 1
github.com/cuihairu/atlas/internal/store/storetest/contract.go:392.2,392.60 1 1
github.com/cuihairu/atlas/internal/store/storetest/contract.go:393.3,394.1 1 0
github.com/cuihairu/atlas/internal/store/storetest/contract.go:395.2,395.86 1 1
github.com/cuihairu/atlas/internal/store/storetest/contract.go:396.3,397.1 1 0
github.com/cuihairu/atlas/internal/store/storetest/contract.go:398.2,398.100 1 1
github.com/cuihairu/atlas/internal/store/storetest/contract.go:399.3,400.1 1 0
github.com/cuihairu/atlas/internal/store/storetest/contract.go:401.2,401.98 1 1
github.com/cuihairu/atlas/internal/store/storetest/contract.go:402.3,403.1 1 0
github.com/cuihairu/atlas/internal/store/storetest/contract.go:404.2,404.97 1 1
github.com/cuihairu/atlas/internal/store/storetest/contract.go:405.3,406.1 1 0
github.com/cuihairu/atlas/internal/store/storetest/contract.go:407.2,407.97 1 1
github.com/cuihairu/atlas/internal/store/storetest/contract.go:408.3,409.1 1 0
github.com/cuihairu/atlas/internal/store/storetest/contract.go:412.2,414.26 3 1
github.com/cuihairu/atlas/internal/store/storetest/contract.go:415.3,416.21 2 1
github.com/cuihairu/atlas/internal/store/storetest/contract.go:417.4,417.9 1 1
github.com/cuihairu/atlas/internal/store/storetest/contract.go:419.3,419.20 1 1
github.com/cuihairu/atlas/internal/store/storetest/contract.go:420.4,421.1 1 0
github.com/cuihairu/atlas/internal/store/storetest/contract.go:422.3,422.26 1 1
github.com/cuihairu/atlas/internal/store/storetest/contract.go:423.4,424.1 1 1
github.com/cuihairu/atlas/internal/store/storetest/contract.go:425.3,425.32 1 1
github.com/cuihairu/atlas/internal/store/storetest/contract.go:427.2,427.25 1 1
github.com/cuihairu/atlas/internal/store/storetest/contract.go:428.3,429.1 1 0
github.com/cuihairu/atlas/internal/store/storetest/contract.go:430.2,430.38 1 1
github.com/cuihairu/atlas/internal/store/storetest/contract.go:431.3,431.37 1 1
github.com/cuihairu/atlas/internal/store/storetest/contract.go:432.4,433.9 2 0
github.com/cuihairu/atlas/internal/store/storetest/contract.go:439.2,440.27 2 1
github.com/cuihairu/atlas/internal/store/storetest/contract.go:441.3,444.18 1 1
github.com/cuihairu/atlas/internal/store/storetest/contract.go:445.4,446.1 1 0
github.com/cuihairu/atlas/internal/store/storetest/contract.go:448.2,449.16 2 1
github.com/cuihairu/atlas/internal/store/storetest/contract.go:450.3,451.1 1 0
github.com/cuihairu/atlas/internal/store/storetest/contract.go:452.2,452.22 1 1
github.com/cuihairu/atlas/internal/store/storetest/contract.go:453.3,454.1 1 0
github.com/cuihairu/atlas/internal/store/storetest/contract.go:457.2,457.53 1 1
github.com/cuihairu/atlas/internal/store/storetest/contract.go:458.3,459.1 1 0
github.com/cuihairu/atlas/internal/store/storetest/contract.go:460.2,460.59 1 1
github.com/cuihairu/atlas/internal/store/storetest/contract.go:461.3,462.1 1 0
github.com/cuihairu/atlas/internal/store/storetest/contract.go:463.2,463.59 1 1
github.com/cuihairu/atlas/internal/store/storetest/contract.go:464.3,465.1 1 0
github.com/cuihairu/atlas/internal/store/storetest/contract.go:472.2,475.1 4 1
github.com/cuihairu/atlas/internal/store/storetest/contract.go:476.2,476.85 4 1
github.com/cuihairu/atlas/internal/store/storetest/contract.go:477.3,480.1 1 1
github.com/cuihairu/atlas/internal/store/storetest/contract.go:484.2,485.51 2 1
github.com/cuihairu/atlas/internal/store/storetest/contract.go:486.3,487.1 1 0
github.com/cuihairu/atlas/internal/store/storetest/contract.go:488.2,488.52 1 1
github.com/cuihairu/atlas/internal/store/storetest/contract.go:489.3,490.1 1 0
github.com/cuihairu/atlas/internal/store/storetest/contract.go:491.2,492.16 2 1
github.com/cuihairu/atlas/internal/store/storetest/contract.go:493.3,494.1 1 0
github.com/cuihairu/atlas/internal/store/storetest/contract.go:495.2,495.93 1 1
github.com/cuihairu/atlas/internal/store/storetest/contract.go:496.3,497.1 1 0
github.com/cuihairu/atlas/internal/store/storetest/contract.go:498.2,498.28 1 1
github.com/cuihairu/atlas/internal/store/storetest/contract.go:499.3,500.1 1 0
github.com/cuihairu/atlas/internal/store/storetest/contract.go:501.2,502.1 5 1
github.com/cuihairu/atlas/internal/store/storetest/contract.go:504.2,507.52 5 1
github.com/cuihairu/atlas/internal/store/storetest/contract.go:508.3,509.1 1 0
github.com/cuihairu/atlas/internal/store/storetest/contract.go:510.2,511.16 2 1
github.com/cuihairu/atlas/internal/store/storetest/contract.go:512.3,513.1 1 0
github.com/cuihairu/atlas/internal/store/storetest/contract.go:514.2,514.78 1 1
github.com/cuihairu/atlas/internal/store/storetest/contract.go:515.3,516.1 1 0
github.com/cuihairu/atlas/internal/store/storetest/contract.go:517.2,518.1 5 1
github.com/cuihairu/atlas/internal/store/storetest/contract.go:520.2,523.52 5 1
github.com/cuihairu/atlas/internal/store/storetest/contract.go:524.3,525.1 1 0
github.com/cuihairu/atlas/internal/store/storetest/contract.go:526.2,527.16 2 1
github.com/cuihairu/atlas/internal/store/storetest/contract.go:528.3,529.1 1 0
github.com/cuihairu/atlas/internal/store/storetest/contract.go:530.2,530.28 1 1
github.com/cuihairu/atlas/internal/store/storetest/contract.go:531.3,532.1 1 0
github.com/cuihairu/atlas/internal/store/storetest/contract.go:533.2,534.1 2 1
github.com/cuihairu/atlas/internal/store/storetest/contract.go:536.2,536.65 2 1
github.com/cuihairu/atlas/internal/store/storetest/contract.go:537.3,538.1 1 0
github.com/cuihairu/atlas/internal/store/storetest/contract.go:539.2,540.80 2 1
github.com/cuihairu/atlas/internal/store/storetest/contract.go:541.3,542.1 1 0
github.com/cuihairu/atlas/internal/store/storetest/contract.go:543.2,543.75 1 1
github.com/cuihairu/atlas/internal/store/storetest/contract.go:544.3,545.1 1 0
github.com/cuihairu/atlas/internal/store/storetest/contract.go:549.2,551.120 3 1
github.com/cuihairu/atlas/internal/store/storetest/contract.go:552.3,553.1 1 0
github.com/cuihairu/atlas/internal/store/storetest/contract.go:554.2,555.61 2 1
github.com/cuihairu/atlas/internal/store/storetest/contract.go:556.3,557.1 1 0
github.com/cuihairu/atlas/internal/store/storetest/contract.go:558.2,558.117 1 1
github.com/cuihairu/atlas/internal/store/storetest/contract.go:559.3,560.1 1 0
github.com/cuihairu/atlas/internal/store/storetest/contract.go:561.2,561.94 1 1
github.com/cuihairu/atlas/internal/store/storetest/contract.go:562.3,563.1 1 0
github.com/cuihairu/atlas/internal/store/storetest/contract.go:566.2,566.78 1 1
github.com/cuihairu/atlas/internal/store/storetest/contract.go:567.3,568.1 1 0
github.com/cuihairu/atlas/internal/store/storetest/contract.go:569.2,570.16 2 1
github.com/cuihairu/atlas/internal/store/storetest/contract.go:571.3,572.1 1 0
github.com/cuihairu/atlas/internal/store/storetest/contract.go:573.2,573.25 1 1
github.com/cuihairu/atlas/internal/store/storetest/contract.go:574.3,575.1 1 0
github.com/cuihairu/atlas/internal/store/storetest/contract.go:576.2,577.33 2 1
github.com/cuihairu/atlas/internal/store/storetest/contract.go:578.3,578.39 1 1
github.com/cuihairu/atlas/internal/store/storetest/contract.go:579.4,580.9 2 0
github.com/cuihairu/atlas/internal/store/storetest/contract.go:583.2,584.35 2 1
github.com/cuihairu/atlas/internal/store/storetest/contract.go:585.3,586.1 1 0
github.com/cuihairu/atlas/internal/store/storetest/contract.go:589.2,590.16 2 1
github.com/cuihairu/atlas/internal/store/storetest/contract.go:591.3,592.1 1 0
github.com/cuihairu/atlas/internal/store/storetest/contract.go:593.2,593.24 1 1
github.com/cuihairu/atlas/internal/store/storetest/contract.go:594.3,595.1 1 0
github.com/cuihairu/atlas/internal/store/storetest/contract.go:596.2,597.66 2 1
github.com/cuihairu/atlas/internal/store/storetest/contract.go:598.3,599.1 1 0
github.com/cuihairu/atlas/internal/store/storetest/contract.go:600.2,601.66 2 1
github.com/cuihairu/atlas/internal/store/storetest/contract.go:602.3,603.1 1 0
github.com/cuihairu/atlas/internal/store/storetest/contract.go:604.2,605.35 2 1
github.com/cuihairu/atlas/internal/store/storetest/contract.go:606.3,607.1 1 0
github.com/cuihairu/atlas/internal/store/storetest/contract.go:610.2,610.76 1 1
github.com/cuihairu/atlas/internal/store/storetest/contract.go:611.3,612.1 1 0
github.com/cuihairu/atlas/internal/store/storetest/contract.go:613.2,616.1 4 1
github.com/cuihairu/atlas/internal/store/storetest/contract.go:619.2,619.75 4 1
github.com/cuihairu/atlas/internal/store/storetest/contract.go:620.3,622.17 3 1
github.com/cuihairu/atlas/internal/store/storetest/contract.go:623.4,624.1 1 0
github.com/cuihairu/atlas/internal/store/storetest/contract.go:625.3,625.18 1 1
github.com/cuihairu/atlas/internal/store/storetest/contract.go:628.2,628.113 1 1
github.com/cuihairu/atlas/internal/store/storetest/contract.go:629.3,630.1 1 0
github.com/cuihairu/atlas/internal/store/storetest/contract.go:631.2,631.83 1 1
github.com/cuihairu/atlas/internal/store/storetest/contract.go:632.3,633.1 1 0
github.com/cuihairu/atlas/internal/store/storetest/contract.go:634.2,634.117 1 1
github.com/cuihairu/atlas/internal/store/storetest/contract.go:635.3,636.1 1 0
github.com/cuihairu/atlas/internal/store/storetest/contract.go:637.2,637.82 1 1
github.com/cuihairu/atlas/internal/store/storetest/contract.go:638.3,639.1 1 0
github.com/cuihairu/atlas/internal/store/storetest/contract.go:640.2,640.81 1 1
github.com/cuihairu/atlas/internal/store/storetest/contract.go:641.3,642.1 1 0
github.com/cuihairu/atlas/internal/store/storetest/contract.go:646.2,648.26 3 1
github.com/cuihairu/atlas/internal/store/storetest/contract.go:649.3,650.21 2 1
github.com/cuihairu/atlas/internal/store/storetest/contract.go:651.4,651.9 1 1
github.com/cuihairu/atlas/internal/store/storetest/contract.go:653.3,654.17 2 1
github.com/cuihairu/atlas/internal/store/storetest/contract.go:655.4,656.1 1 0
github.com/cuihairu/atlas/internal/store/storetest/contract.go:657.3,657.16 1 1
github.com/cuihairu/atlas/internal/store/storetest/contract.go:659.2,659.20 1 1
github.com/cuihairu/atlas/internal/store/storetest/contract.go:660.3,661.1 1 0
github.com/cuihairu/atlas/internal/store/storetest/contract.go:662.2,662.33 1 1
github.com/cuihairu/atlas/internal/store/storetest/contract.go:663.3,663.27 1 1
github.com/cuihairu/atlas/internal/store/storetest/contract.go:664.4,665.9 2 0
github.com/cuihairu/atlas/internal/store/storetest/contract.go:670.2,670.70 1 1
github.com/cuihairu/atlas/internal/store/storetest/contract.go:671.3,672.1 1 0
github.com/cuihairu/atlas/internal/store/storetest/contract.go:673.2,673.76 1 1
github.com/cuihairu/atlas/internal/store/storetest/contract.go:674.3,675.1 1 0
github.com/cuihairu/atlas/internal/store/storetest/contract.go:676.2,676.76 1 1
github.com/cuihairu/atlas/internal/store/storetest/contract.go:677.3,678.1 1 0
github.com/cuihairu/atlas/internal/store/storetest/contract.go:685.2,687.1 4 1
github.com/cuihairu/atlas/internal/store/storetest/contract.go:688.2,694.1 4 1
github.com/cuihairu/atlas/internal/store/storetest/contract.go:695.2,695.52 4 1
github.com/cuihairu/atlas/internal/store/storetest/contract.go:696.3,697.1 1 0
github.com/cuihairu/atlas/internal/store/storetest/contract.go:699.2,700.16 2 1
github.com/cuihairu/atlas/internal/store/storetest/contract.go:701.3,702.1 1 0
github.com/cuihairu/atlas/internal/store/storetest/contract.go:703.2,703.71 1 1
github.com/cuihairu/atlas/internal/store/storetest/contract.go:704.3,705.1 1 0
github.com/cuihairu/atlas/internal/store/storetest/contract.go:706.2,706.103 1 1
github.com/cuihairu/atlas/internal/store/storetest/contract.go:707.3,708.1 1 0
github.com/cuihairu/atlas/internal/store/storetest/contract.go:709.2,710.32 2 1
github.com/cuihairu/atlas/internal/store/storetest/contract.go:711.3,712.1 1 1
github.com/cuihairu/atlas/internal/store/storetest/contract.go:713.2,714.16 2 1
github.com/cuihairu/atlas/internal/store/storetest/contract.go:715.3,716.1 1 0
github.com/cuihairu/atlas/internal/store/storetest/contract.go:717.2,717.39 1 1
github.com/cuihairu/atlas/internal/store/storetest/contract.go:718.3,719.1 1 0
github.com/cuihairu/atlas/internal/store/storetest/contract.go:721.2,721.64 1 1
github.com/cuihairu/atlas/internal/store/storetest/contract.go:722.3,723.1 1 0
github.com/cuihairu/atlas/internal/store/storetest/contract.go:725.2,726.98 2 1
github.com/cuihairu/atlas/internal/store/storetest/contract.go:727.3,728.1 1 0
github.com/cuihairu/atlas/internal/store/storetest/contract.go:729.2,730.44 2 1
github.com/cuihairu/atlas/internal/store/storetest/contract.go:731.3,732.1 1 0
github.com/cuihairu/atlas/internal/store/storetest/contract.go:733.2,733.28 1 1
github.com/cuihairu/atlas/internal/store/storetest/contract.go:734.3,735.1 1 0
github.com/cuihairu/atlas/internal/store/storetest/contract.go:736.2,737.98 2 1
github.com/cuihairu/atlas/internal/store/storetest/contract.go:738.3,739.1 1 0
github.com/cuihairu/atlas/internal/store/storetest/contract.go:741.2,742.16 2 1
github.com/cuihairu/atlas/internal/store/storetest/contract.go:743.3,744.1 1 0
github.com/cuihairu/atlas/internal/store/storetest/contract.go:745.2,746.25 2 1
github.com/cuihairu/atlas/internal/store/storetest/contract.go:747.3,747.20 1 1
github.com/cuihairu/atlas/internal/store/storetest/contract.go:748.4,749.1 1 1
github.com/cuihairu/atlas/internal/store/storetest/contract.go:750.3,750.55 1 1
github.com/cuihairu/atlas/internal/store/storetest/contract.go:751.4,752.1 1 0
github.com/cuihairu/atlas/internal/store/storetest/contract.go:754.2,754.12 1 1
github.com/cuihairu/atlas/internal/store/storetest/contract.go:755.3,756.1 1 0
github.com/cuihairu/atlas/internal/store/storetest/contract.go:763.2,767.1 8 1
github.com/cuihairu/atlas/internal/store/storetest/contract.go:768.2,770.1 8 1
github.com/cuihairu/atlas/internal/store/storetest/contract.go:771.2,772.58 8 1
github.com/cuihairu/atlas/internal/store/storetest/contract.go:773.3,774.1 1 0
github.com/cuihairu/atlas/internal/store/storetest/contract.go:775.2,775.26 1 1
github.com/cuihairu/atlas/internal/store/storetest/contract.go:776.3,777.1 1 0
github.com/cuihairu/atlas/internal/store/storetest/contract.go:779.2,780.16 2 1
github.com/cuihairu/atlas/internal/store/storetest/contract.go:781.3,782.1 1 0
github.com/cuihairu/atlas/internal/store/storetest/contract.go:783.2,783.29 1 1
github.com/cuihairu/atlas/internal/store/storetest/contract.go:784.3,785.1 1 0
github.com/cuihairu/atlas/internal/store/storetest/contract.go:786.2,788.30 3 1
github.com/cuihairu/atlas/internal/store/storetest/contract.go:789.3,790.1 1 0
github.com/cuihairu/atlas/internal/store/storetest/contract.go:791.2,791.31 1 1
github.com/cuihairu/atlas/internal/store/storetest/contract.go:792.3,793.1 1 0
github.com/cuihairu/atlas/internal/store/storetest/contract.go:796.2,799.17 2 1
github.com/cuihairu/atlas/internal/store/storetest/contract.go:800.3,801.1 1 0
github.com/cuihairu/atlas/internal/store/storetest/contract.go:802.2,805.1 2 1
github.com/cuihairu/atlas/internal/store/storetest/contract.go:806.2,806.63 2 1
github.com/cuihairu/atlas/internal/store/storetest/contract.go:807.3,808.1 1 0
github.com/cuihairu/atlas/internal/store/storetest/contract.go:809.2,810.16 2 1
github.com/cuihairu/atlas/internal/store/storetest/contract.go:811.3,812.1 1 0
github.com/cuihairu/atlas/internal/store/storetest/contract.go:813.2,813.73 1 1
github.com/cuihairu/atlas/internal/store/storetest/contract.go:814.3,815.1 1 0
github.com/cuihairu/atlas/internal/store/storetest/contract.go:820.2,820.145 1 1
github.com/cuihairu/atlas/internal/store/storetest/contract.go:821.3,822.1 1 0
github.com/cuihairu/atlas/internal/store/storetest/contract.go:823.2,823.71 1 1
github.com/cuihairu/atlas/internal/store/storetest/contract.go:824.3,825.1 1 0
github.com/cuihairu/atlas/internal/store/storetest/contract.go:827.2,828.16 2 1
github.com/cuihairu/atlas/internal/store/storetest/contract.go:829.3,830.1 1 0
github.com/cuihairu/atlas/internal/store/storetest/contract.go:831.2,831.51 1 1
github.com/cuihairu/atlas/internal/store/storetest/contract.go:832.3,833.1 1 0
github.com/cuihairu/atlas/internal/store/storetest/contract.go:834.2,834.94 1 1
github.com/cuihairu/atlas/internal/store/storetest/contract.go:835.3,836.1 1 0
github.com/cuihairu/atlas/internal/store/storetest/contract.go:839.2,839.87 1 1
github.com/cuihairu/atlas/internal/store/storetest/contract.go:840.3,841.1 1 0
github.com/cuihairu/atlas/internal/store/storetest/contract.go:842.2,843.46 2 1
github.com/cuihairu/atlas/internal/store/storetest/contract.go:844.3,845.1 1 0
github.com/cuihairu/atlas/internal/store/storetest/contract.go:846.2,846.96 1 1
github.com/cuihairu/atlas/internal/store/storetest/contract.go:847.3,848.1 1 0
github.com/cuihairu/atlas/internal/store/storetest/contract.go:851.2,851.62 1 1
github.com/cuihairu/atlas/internal/store/storetest/contract.go:852.3,853.1 1 0
github.com/cuihairu/atlas/internal/store/storetest/contract.go:854.2,854.68 1 1
github.com/cuihairu/atlas/internal/store/storetest/contract.go:855.3,856.1 1 0
github.com/cuihairu/atlas/internal/store/storetest/contract.go:857.2,857.62 1 1
github.com/cuihairu/atlas/internal/store/storetest/contract.go:858.3,859.1 1 0
github.com/cuihairu/atlas/internal/store/storetest/contract.go:865.2,868.1 7 1
github.com/cuihairu/atlas/internal/store/storetest/contract.go:869.2,872.1 7 1
github.com/cuihairu/atlas/internal/store/storetest/contract.go:873.2,873.42 7 1
github.com/cuihairu/atlas/internal/store/storetest/contract.go:874.3,875.28 2 1
github.com/cuihairu/atlas/internal/store/storetest/contract.go:876.4,877.1 1 1
github.com/cuihairu/atlas/internal/store/storetest/contract.go:878.3,878.26 1 1
github.com/cuihairu/atlas/internal/store/storetest/contract.go:879.4,880.1 1 1
github.com/cuihairu/atlas/internal/store/storetest/contract.go:881.3,881.56 1 1
github.com/cuihairu/atlas/internal/store/storetest/contract.go:882.4,883.1 1 0
github.com/cuihairu/atlas/internal/store/storetest/contract.go:884.3,884.29 1 1
github.com/cuihairu/atlas/internal/store/storetest/contract.go:885.4,886.1 1 0
github.com/cuihairu/atlas/internal/store/storetest/contract.go:889.2,895.1 5 1
github.com/cuihairu/atlas/internal/store/storetest/contract.go:896.2,897.16 5 1
github.com/cuihairu/atlas/internal/store/storetest/contract.go:898.3,899.1 1 0
github.com/cuihairu/atlas/internal/store/storetest/contract.go:900.2,900.25 1 1
github.com/cuihairu/atlas/internal/store/storetest/contract.go:901.3,902.1 1 0
github.com/cuihairu/atlas/internal/store/storetest/contract.go:903.2,903.50 1 1
github.com/cuihairu/atlas/internal/store/storetest/contract.go:904.3,905.1 1 0
github.com/cuihairu/atlas/internal/store/storetest/contract.go:906.2,907.16 2 1
github.com/cuihairu/atlas/internal/store/storetest/contract.go:908.3,909.1 1 0
github.com/cuihairu/atlas/internal/store/storetest/contract.go:910.2,910.59 1 1
github.com/cuihairu/atlas/internal/store/storetest/contract.go:911.3,912.1 1 0
github.com/cuihairu/atlas/internal/store/storetest/contract.go:915.2,915.162 1 1
github.com/cuihairu/atlas/internal/store/storetest/contract.go:916.3,917.1 1 0
github.com/cuihairu/atlas/internal/store/storetest/contract.go:918.2,918.67 1 1
github.com/cuihairu/atlas/internal/store/storetest/contract.go:919.3,920.1 1 0
github.com/cuihairu/atlas/internal/store/storetest/contract.go:924.2,924.65 1 1
github.com/cuihairu/atlas/internal/store/storetest/contract.go:925.3,927.17 3 1
github.com/cuihairu/atlas/internal/store/storetest/contract.go:928.4,929.1 1 0
github.com/cuihairu/atlas/internal/store/storetest/contract.go:930.3,930.13 1 1
github.com/cuihairu/atlas/internal/store/storetest/contract.go:932.2,932.59 1 1
github.com/cuihairu/atlas/internal/store/storetest/contract.go:933.3,934.1 1 0
github.com/cuihairu/atlas/internal/store/storetest/contract.go:938.2,938.60 1 1
github.com/cuihairu/atlas/internal/store/storetest/contract.go:939.3,940.26 2 1
github.com/cuihairu/atlas/internal/store/storetest/contract.go:941.4,942.1 1 1
github.com/cuihairu/atlas/internal/store/storetest/contract.go:943.3,943.13 1 1
github.com/cuihairu/atlas/internal/store/storetest/contract.go:945.2,945.122 1 1
github.com/cuihairu/atlas/internal/store/storetest/contract.go:946.3,947.1 1 0
github.com/cuihairu/atlas/internal/store/storetest/contract.go:948.2,948.121 1 1
github.com/cuihairu/atlas/internal/store/storetest/contract.go:949.3,950.1 1 0
github.com/cuihairu/atlas/internal/store/storetest/contract.go:951.2,951.121 1 1
github.com/cuihairu/atlas/internal/store/storetest/contract.go:952.3,953.1 1 0
github.com/cuihairu/atlas/internal/store/storetest/contract.go:955.2,955.61 1 1
github.com/cuihairu/atlas/internal/store/storetest/contract.go:956.3,957.1 1 0
github.com/cuihairu/atlas/internal/store/storetest/contract.go:958.2,958.67 1 1
github.com/cuihairu/atlas/internal/store/storetest/contract.go:959.3,960.1 1 0
github.com/cuihairu/atlas/internal/store/storetest/contract.go:961.2,961.61 1 1
github.com/cuihairu/atlas/internal/store/storetest/contract.go:962.3,963.1 1 0
github.com/cuihairu/atlas/internal/store/storetest/contract.go:970.2,971.16 2 1
github.com/cuihairu/atlas/internal/store/storetest/contract.go:972.3,973.1 1 0
github.com/cuihairu/atlas/internal/store/storetest/contract.go:975.2,982.17 4 1
github.com/cuihairu/atlas/internal/store/storetest/contract.go:983.3,984.1 1 0
github.com/cuihairu/atlas/internal/store/storetest/contract.go:985.2,986.39 2 1
github.com/cuihairu/atlas/internal/store/storetest/contract.go:987.3,990.18 1 1
github.com/cuihairu/atlas/internal/store/storetest/contract.go:991.4,992.1 1 0
github.com/cuihairu/atlas/internal/store/storetest/contract.go:995.2,996.16 2 1
github.com/cuihairu/atlas/internal/store/storetest/contract.go:997.3,998.1 1 0
github.com/cuihairu/atlas/internal/store/storetest/contract.go:999.2,999.49 1 1
github.com/cuihairu/atlas/internal/store/storetest/contract.go:1000.3,1001.1 1 0
github.com/cuihairu/atlas/internal/store/storetest/contract.go:1002.2,1002.58 1 1
github.com/cuihairu/atlas/internal/store/storetest/contract.go:1003.3,1004.1 1 0
github.com/cuihairu/atlas/internal/store/storetest/contract.go:1005.2,1005.55 1 1
github.com/cuihairu/atlas/internal/store/storetest/contract.go:1006.3,1007.1 1 0
github.com/cuihairu/atlas/internal/store/storetest/contract.go:1008.2,1008.40 1 1
github.com/cuihairu/atlas/internal/store/storetest/contract.go:1009.3,1010.1 1 0
github.com/cuihairu/atlas/internal/store/storetest/contract.go:1011.2,1011.111 1 1
github.com/cuihairu/atlas/internal/store/storetest/contract.go:1012.3,1015.1 1 0
github.com/cuihairu/atlas/internal/store/storetest/contract.go:1016.2,1016.42 1 1
github.com/cuihairu/atlas/internal/store/storetest/contract.go:1017.3,1018.1 1 0
github.com/cuihairu/atlas/internal/store/storetest/contract.go:1019.2,1019.99 1 1
github.com/cuihairu/atlas/internal/store/storetest/contract.go:1020.3,1021.1 1 0
github.com/cuihairu/atlas/internal/store/storetest/contract.go:1027.2,1028.103 2 1
github.com/cuihairu/atlas/internal/store/storetest/contract.go:1029.3,1030.1 1 0
github.com/cuihairu/atlas/internal/store/storetest/contract.go:1031.2,1032.16 2 1
github.com/cuihairu/atlas/internal/store/storetest/contract.go:1033.3,1034.1 1 0
github.com/cuihairu/atlas/internal/store/storetest/contract.go:1035.2,1035.56 1 1
github.com/cuihairu/atlas/internal/store/storetest/contract.go:1036.3,1038.1 1 0
github.com/cuihairu/atlas/internal/store/storetest/contract.go:1043.2,1045.1 4 1
github.com/cuihairu/atlas/internal/store/storetest/contract.go:1046.2,1049.17 4 1
github.com/cuihairu/atlas/internal/store/storetest/contract.go:1050.3,1051.1 1 0
github.com/cuihairu/atlas/internal/store/storetest/contract.go:1052.2,1053.16 2 1
github.com/cuihairu/atlas/internal/store/storetest/contract.go:1054.3,1055.1 1 0
github.com/cuihairu/atlas/internal/store/storetest/contract.go:1056.2,1056.79 1 1
github.com/cuihairu/atlas/internal/store/storetest/contract.go:1057.3,1058.1 1 0
github.com/cuihairu/atlas/internal/store/storetest/contract.go:1059.2,1059.29 1 1
github.com/cuihairu/atlas/internal/store/storetest/contract.go:1060.3,1061.1 1 0
github.com/cuihairu/atlas/internal/store/storetest/contract.go:1062.2,1063.43 2 1
github.com/cuihairu/atlas/internal/store/storetest/contract.go:1064.3,1065.1 1 0
github.com/cuihairu/atlas/internal/store/storetest/contract.go:1067.2,1067.62 1 1
github.com/cuihairu/atlas/internal/store/storetest/contract.go:1068.3,1069.1 1 0
github.com/cuihairu/atlas/internal/store/storetest/contract.go:1070.2,1070.62 1 1
github.com/cuihairu/atlas/internal/store/storetest/contract.go:1071.3,1072.1 1 0
github.com/cuihairu/atlas/internal/store/storetest/contract.go:1073.2,1073.53 1 1
github.com/cuihairu/atlas/internal/store/storetest/contract.go:1074.3,1075.1 1 0
github.com/cuihairu/atlas/internal/store/storetest/contract.go:1076.2,1076.59 1 1
github.com/cuihairu/atlas/internal/store/storetest/contract.go:1077.3,1078.1 1 0
github.com/cuihairu/atlas/internal/store/storetest/contract.go:1082.2,1083.1 1 1
github.com/cuihairu/atlas/internal/store/storetest/contract.go:1086.2,1087.1 1 1
github.com/cuihairu/atlas/internal/tlsutil/tlsutil.go:28.2,29.1 1 1
github.com/cuihairu/atlas/internal/tlsutil/tlsutil.go:35.2,35.18 1 1
github.com/cuihairu/atlas/internal/tlsutil/tlsutil.go:36.3,37.1 1 1
github.com/cuihairu/atlas/internal/tlsutil/tlsutil.go:38.2,38.41 1 1
github.com/cuihairu/atlas/internal/tlsutil/tlsutil.go:39.3,40.1 1 1
github.com/cuihairu/atlas/internal/tlsutil/tlsutil.go:42.2,43.16 2 1
github.com/cuihairu/atlas/internal/tlsutil/tlsutil.go:44.3,45.1 1 1
github.com/cuihairu/atlas/internal/tlsutil/tlsutil.go:47.2,50.1 2 1
github.com/cuihairu/atlas/internal/tlsutil/tlsutil.go:52.2,52.26 2 1
github.com/cuihairu/atlas/internal/tlsutil/tlsutil.go:53.3,54.17 2 1
github.com/cuihairu/atlas/internal/tlsutil/tlsutil.go:55.4,56.1 1 1
github.com/cuihairu/atlas/internal/tlsutil/tlsutil.go:57.3,58.36 2 1
github.com/cuihairu/atlas/internal/tlsutil/tlsutil.go:59.4,60.1 1 0
github.com/cuihairu/atlas/internal/tlsutil/tlsutil.go:61.3,62.50 2 1
github.com/cuihairu/atlas/internal/tlsutil/tlsutil.go:65.2,65.17 1 1
github.com/cuihairu/atlas/internal/version/version.go:17.2,18.1 1 1
